{
  "now": "2025-08-18 04:15:33 UTC",
  "python": "3.9.13 (tags/v3.9.13:6de2ca5, May 17 2022, 16:36:42) [MSC v.1929 64 bit (AMD64)]",
  "platform": "win32",
  "cwd": "D:\\quant_system_pro (3)\\quant_system_pro",
  "pip_freeze": [
    "[A6-SHIM] pandas.DataFrame.to_csv 已安装修订钩子（仅拦截 a6_strategy_scores*）",
    "absl-py==2.3.1",
    "aiodns==3.5.0",
    "aiohappyeyeballs==2.6.1",
    "aiohttp==3.12.15",
    "aiosignal==1.4.0",
    "alembic==1.16.4",
    "astunparse==1.6.3",
    "async-timeout==5.0.1",
    "attrs==25.3.0",
    "binance-connector==3.12.0",
    "cachetools==5.5.2",
    "ccxt==4.5.0",
    "certifi==2025.8.3",
    "cffi==1.17.1",
    "charset-normalizer==3.4.2",
    "cloudpickle==3.1.1",
    "colorama==0.4.6",
    "colorlog==6.9.0",
    "contourpy==1.3.0",
    "cryptography==45.0.6",
    "cycler==0.12.1",
    "deap==1.4.3",
    "filelock==3.18.0",
    "flatbuffers==25.2.10",
    "fonttools==4.59.0",
    "frozenlist==1.7.0",
    "fsspec==2025.7.0",
    "future==1.0.0",
    "gast==0.4.0",
    "google-auth==2.40.3",
    "google-auth-oauthlib==0.4.6",
    "google-pasta==0.2.0",
    "greenlet==3.2.4",
    "grpcio==1.74.0",
    "h5py==3.14.0",
    "hyperopt==0.2.7",
    "idna==3.10",
    "importlib_metadata==8.7.0",
    "importlib_resources==6.5.2",
    "Jinja2==3.1.6",
    "joblib==1.5.1",
    "keras==2.10.0",
    "Keras-Preprocessing==1.1.2",
    "kiwisolver==1.4.7",
    "libclang==18.1.1",
    "lightgbm==4.6.0",
    "llvmlite==0.43.0",
    "Mako==1.3.10",
    "Markdown==3.8.2",
    "markdown-it-py==3.0.0",
    "MarkupSafe==3.0.2",
    "matplotlib==3.9.4",
    "mdurl==0.1.2",
    "mpmath==1.3.0",
    "multidict==6.6.3",
    "networkx==3.2.1",
    "numba==0.60.0",
    "numpy==2.0.2",
    "oauthlib==3.3.1",
    "opt_einsum==3.4.0",
    "optuna==4.4.0",
    "packaging==25.0",
    "pandas==2.3.1",
    "patsy==1.0.1",
    "pillow==11.3.0",
    "prometheus_client==0.22.1",
    "propcache==0.3.2",
    "protobuf==3.19.6",
    "py4j==0.10.9.9",
    "pyarrow==21.0.0",
    "pyasn1==0.6.1",
    "pyasn1_modules==0.4.2",
    "pycares==4.10.0",
    "pycparser==2.22",
    "pycryptodome==3.23.0",
    "pyfiglet==1.0.4",
    "Pygments==2.19.2",
    "pyparsing==3.2.3",
    "python-dateutil==2.9.0.post0",
    "pytz==2025.2",
    "PyYAML==6.0.2",
    "requests==2.32.4",
    "requests-oauthlib==2.0.0",
    "rich==13.7.1",
    "rsa==4.9.1",
    "schedule==1.2.2",
    "scikit-learn==1.6.1",
    "scipy==1.13.1",
    "six==1.17.0",
    "SQLAlchemy==2.0.42",
    "statsmodels==0.14.5",
    "sympy==1.13.1",
    "ta==0.11.0",
    "tensorboard==2.10.1",
    "tensorboard-data-server==0.6.1",
    "tensorboard-plugin-wit==1.8.1",
    "tensorflow==2.10.0",
    "tensorflow-estimator==2.10.0",
    "tensorflow-io-gcs-filesystem==0.31.0",
    "termcolor==3.1.0",
    "threadpoolctl==3.6.0",
    "tomli==2.2.1",
    "torch==2.6.0+cu124",
    "torchaudio==2.6.0+cu124",
    "torchvision==0.21.0+cu124",
    "tqdm==4.67.1",
    "typing_extensions==4.14.1",
    "tzdata==2025.2",
    "urllib3==2.5.0",
    "websocket-client==1.8.0",
    "websockets==15.0.1",
    "Werkzeug==3.1.3",
    "wrapt==1.17.2",
    "xgboost==1.7.6",
    "yarl==1.20.1",
    "zipp==3.23.0"
  ]
}