[
  {
    "path": "audit_bundle.zip",
    "mtime": "2025-08-18 12:15:37",
    "size_kb": 5.3
  },
  {
    "path": "tools\\make_audit_bundle.py",
    "mtime": "2025-08-18 12:14:59",
    "size_kb": 8.8
  },
  {
    "path": "symbols_stale.txt",
    "mtime": "2025-08-18 12:05:44",
    "size_kb": 4.6
  },
  {
    "path": "latest_check_20250818-115902.csv",
    "mtime": "2025-08-18 11:59:02",
    "size_kb": 3.7
  },
  {
    "path": "ready_for_backtest.txt",
    "mtime": "2025-08-18 11:56:50",
    "size_kb": 0.0
  },
  {
    "path": "latest_check_20250818-115341.csv",
    "mtime": "2025-08-18 11:53:41",
    "size_kb": 2.9
  },
  {
    "path": "latest_check_20250818-115329.csv",
    "mtime": "2025-08-18 11:53:29",
    "size_kb": 2.9
  },
  {
    "path": "latest_check_20250818-115059.csv",
    "mtime": "2025-08-18 11:50:59",
    "size_kb": 6.0
  },
  {
    "path": "tools\\check_latest_symbols.py",
    "mtime": "2025-08-18 11:50:38",
    "size_kb": 5.6
  },
  {
    "path": "tools\\monitor_db.py",
    "mtime": "2025-08-18 11:45:13",
    "size_kb": 3.1
  },
  {
    "path": "logs\\collect_binance_20250817_090913\\health.json",
    "mtime": "2025-08-18 11:25:46",
    "size_kb": 0.4
  },
  {
    "path": "symbols_test.txt",
    "mtime": "2025-08-18 11:25:07",
    "size_kb": 0.0
  },
  {
    "path": "diagnose_report_20250818-110237.txt",
    "mtime": "2025-08-18 11:02:37",
    "size_kb": 2.0
  },
  {
    "path": "启动命令\\skiplist.txt",
    "mtime": "2025-08-18 11:02:37",
    "size_kb": 0.0
  },
  {
    "path": "tools\\diagnose_collector.py",
    "mtime": "2025-08-18 10:57:13",
    "size_kb": 9.1
  },
  {
    "path": "tools\\engine_scan_20250818-104852.txt",
    "mtime": "2025-08-18 10:48:54",
    "size_kb": 1.1
  },
  {
    "path": "tools\\scan_engines.py",
    "mtime": "2025-08-18 10:48:23",
    "size_kb": 7.1
  },
  {
    "path": "启动命令\\一键_诊断_执行引擎.bat",
    "mtime": "2025-08-18 10:46:14",
    "size_kb": 4.5
  },
  {
    "path": "启动命令\\一键_总控菜单_机构级_S.bat",
    "mtime": "2025-08-18 10:36:13",
    "size_kb": 5.2
  },
  {
    "path": "启动命令\\一键_诊断启动器_机构级.bat",
    "mtime": "2025-08-18 10:21:47",
    "size_kb": 5.8
  },
  {
    "path": "启动命令\\诊断_采集卡住.bat",
    "mtime": "2025-08-18 10:12:17",
    "size_kb": 4.4
  },
  {
    "path": "启动命令\\一键_今日全流程.bat",
    "mtime": "2025-08-18 10:05:16",
    "size_kb": 5.9
  },
  {
    "path": "启动命令\\一键_总控菜单.bat",
    "mtime": "2025-08-18 09:58:27",
    "size_kb": 4.5
  },
  {
    "path": "启动命令\\一键_停止全部.bat",
    "mtime": "2025-08-18 09:56:37",
    "size_kb": 0.6
  },
  {
    "path": "启动命令\\一键_采集_PaperTrading_仪表盘.bat",
    "mtime": "2025-08-18 09:56:15",
    "size_kb": 0.8
  },
  {
    "path": "启动命令\\一键_采集_加监视.bat",
    "mtime": "2025-08-18 09:54:42",
    "size_kb": 0.6
  },
  {
    "path": "启动命令\\启动_采集_热门清单.bat",
    "mtime": "2025-08-18 09:54:24",
    "size_kb": 0.5
  },
  {
    "path": "启动命令\\维护_WAL_checkpoint_vacuum.bat",
    "mtime": "2025-08-18 09:54:06",
    "size_kb": 0.7
  },
  {
    "path": "启动命令\\启动_网页仪表盘.bat",
    "mtime": "2025-08-18 09:53:48",
    "size_kb": 0.3
  },
  {
    "path": "启动命令\\启动_实盘_Bitget.bat",
    "mtime": "2025-08-18 09:53:29",
    "size_kb": 0.5
  },
  {
    "path": "启动命令\\启动_PaperTrading_执行引擎.bat",
    "mtime": "2025-08-18 09:53:08",
    "size_kb": 0.3
  },
  {
    "path": "启动命令\\一键_回测寻优_365d.bat",
    "mtime": "2025-08-18 09:52:47",
    "size_kb": 0.5
  },
  {
    "path": "启动命令\\启动_日志跟随.bat",
    "mtime": "2025-08-18 09:52:17",
    "size_kb": 0.4
  },
  {
    "path": "启动命令\\启动_总进度监视器.bat",
    "mtime": "2025-08-18 09:51:59",
    "size_kb": 0.3
  },
  {
    "path": "启动命令\\启动_采集器_带横幅.bat",
    "mtime": "2025-08-18 09:51:40",
    "size_kb": 0.5
  },
  {
    "path": "启动命令\\新建 文本文档.txt",
    "mtime": "2025-08-18 09:51:18",
    "size_kb": 0.0
  },
  {
    "path": "logs\\opt_bridge_20250818_082023.log",
    "mtime": "2025-08-18 08:20:23",
    "size_kb": 0.0
  },
  {
    "path": "deploy\\_raw_best_params.json",
    "mtime": "2025-08-18 05:34:51",
    "size_kb": 312.5
  },
  {
    "path": "logs\\opt_bridge_20250817_212840.log",
    "mtime": "2025-08-18 05:34:51",
    "size_kb": 88.4
  },
  {
    "path": "results\\demo_run\\live_best_params.json",
    "mtime": "2025-08-18 03:31:21",
    "size_kb": 0.0
  },
  {
    "path": "results\\demo_run\\top_symbols.txt",
    "mtime": "2025-08-18 03:31:21",
    "size_kb": 0.0
  },
  {
    "path": "results\\demo_run\\PBO报告_S档_20250818-033111.html",
    "mtime": "2025-08-18 03:31:12",
    "size_kb": 11.7
  },
  {
    "path": "data\\best_combo.csv",
    "mtime": "2025-08-18 03:31:11",
    "size_kb": 0.3
  },
  {
    "path": "results\\demo_run\\全量回测明细_S档_20250818-033111.csv",
    "mtime": "2025-08-18 03:31:11",
    "size_kb": 485.6
  },
  {
    "path": "results\\demo_run\\参数寻优轨迹_S档_20250818-033111.csv",
    "mtime": "2025-08-18 03:31:11",
    "size_kb": 361.9
  },
  {
    "path": "results\\demo_run\\最优组合总表_S档_20250818-033111.csv",
    "mtime": "2025-08-18 03:31:11",
    "size_kb": 0.5
  },
  {
    "path": "results\\demo_run\\稳健性与检验报告_S档_20250818-033111.csv",
    "mtime": "2025-08-18 03:31:11",
    "size_kb": 0.3
  },
  {
    "path": "results\\demo_run\\PBO报告_S档_20250818-002140.html",
    "mtime": "2025-08-18 00:21:41",
    "size_kb": 12.0
  },
  {
    "path": "results\\demo_run\\全量回测明细_S档_20250818-002140.csv",
    "mtime": "2025-08-18 00:21:40",
    "size_kb": 426.4
  },
  {
    "path": "results\\demo_run\\参数寻优轨迹_S档_20250818-002140.csv",
    "mtime": "2025-08-18 00:21:40",
    "size_kb": 313.9
  },
  {
    "path": "results\\demo_run\\最优组合总表_S档_20250818-002140.csv",
    "mtime": "2025-08-18 00:21:40",
    "size_kb": 0.5
  },
  {
    "path": "results\\demo_run\\稳健性与检验报告_S档_20250818-002140.csv",
    "mtime": "2025-08-18 00:21:40",
    "size_kb": 0.3
  },
  {
    "path": "python",
    "mtime": "2025-08-18 00:05:09",
    "size_kb": 0.0
  },
  {
    "path": "tools\\db_banner.py",
    "mtime": "2025-08-17 22:49:10",
    "size_kb": 4.8
  },
  {
    "path": "tools\\rt_updater_with_banner.py",
    "mtime": "2025-08-17 22:48:49",
    "size_kb": 1.2
  },
  {
    "path": "deploy\\live_best_params.json",
    "mtime": "2025-08-17 22:45:48",
    "size_kb": 312.3
  },
  {
    "path": "tools\\patch_inject_banner.py",
    "mtime": "2025-08-17 22:39:10",
    "size_kb": 2.4
  },
  {
    "path": "results\\demo_run\\PBO报告_S档_20250817-223710.html",
    "mtime": "2025-08-17 22:37:12",
    "size_kb": 11.7
  },
  {
    "path": "results\\demo_run\\全量回测明细_S档_20250817-223710.csv",
    "mtime": "2025-08-17 22:37:10",
    "size_kb": 420.9
  },
  {
    "path": "results\\demo_run\\参数寻优轨迹_S档_20250817-223710.csv",
    "mtime": "2025-08-17 22:37:10",
    "size_kb": 309.5
  },
  {
    "path": "results\\demo_run\\最优组合总表_S档_20250817-223710.csv",
    "mtime": "2025-08-17 22:37:10",
    "size_kb": 0.5
  },
  {
    "path": "results\\demo_run\\稳健性与检验报告_S档_20250817-223710.csv",
    "mtime": "2025-08-17 22:37:10",
    "size_kb": 0.3
  },
  {
    "path": "tools\\show_total_progress.py",
    "mtime": "2025-08-17 22:25:40",
    "size_kb": 6.7
  },
  {
    "path": "补齐全部币种历史守护.cmd",
    "mtime": "2025-08-17 22:13:31",
    "size_kb": 0.6
  },
  {
    "path": "tools\\dyn_guard_rt_updater.py",
    "mtime": "2025-08-17 22:12:40",
    "size_kb": 7.5
  },
  {
    "path": "run_config.json",
    "mtime": "2025-08-17 21:27:36",
    "size_kb": 0.3
  },
  {
    "path": "tools\\run_backtest_sgrade.py",
    "mtime": "2025-08-17 21:26:52",
    "size_kb": 7.8
  },
  {
    "path": "logs\\paper\\paper_BTCUSDT_1h_Sun0817_203548.log",
    "mtime": "2025-08-17 21:22:31",
    "size_kb": 0.2
  },
  {
    "path": "deploy\\run_config.json",
    "mtime": "2025-08-17 21:21:40",
    "size_kb": 1.6
  },
  {
    "path": "启动数据更新守护.cmd",
    "mtime": "2025-08-17 21:16:28",
    "size_kb": 0.5
  },
  {
    "path": "启动实时更新.cmd",
    "mtime": "2025-08-17 21:13:33",
    "size_kb": 0.5
  },
  {
    "path": "tools\\fix_and_backfill_pro.py",
    "mtime": "2025-08-17 21:06:11",
    "size_kb": 5.9
  },
  {
    "path": "db_coverage_report.csv",
    "mtime": "2025-08-17 20:58:30",
    "size_kb": 179.0
  },
  {
    "path": "tools\\check_db_coverage_cn.py",
    "mtime": "2025-08-17 20:58:13",
    "size_kb": 3.6
  },
  {
    "path": "results\\db_coverage_report.csv",
    "mtime": "2025-08-17 20:56:28",
    "size_kb": 0.2
  },
  {
    "path": "tools\\run_live_bitget.cmd",
    "mtime": "2025-08-17 20:49:13",
    "size_kb": 1.6
  },
  {
    "path": "ops\\run_live_bitget.cmd",
    "mtime": "2025-08-17 20:48:48",
    "size_kb": 1.6
  },
  {
    "path": "logs\\paper\\paper_BTCUSDT_1h_Sun0817_204659.log",
    "mtime": "2025-08-17 20:47:03",
    "size_kb": 0.2
  },
  {
    "path": "tools\\terminal_monitor_pro.py",
    "mtime": "2025-08-17 20:45:56",
    "size_kb": 3.8
  },
  {
    "path": "ops\\run_paper_bitget.cmd",
    "mtime": "2025-08-17 20:35:31",
    "size_kb": 2.3
  },
  {
    "path": "config\\symbols_pilot.txt",
    "mtime": "2025-08-17 20:27:19",
    "size_kb": 0.0
  },
  {
    "path": "ops\\新建 文本文档.txt",
    "mtime": "2025-08-17 20:19:46",
    "size_kb": 0.0
  },
  {
    "path": "best_params",
    "mtime": "2025-08-17 20:10:00",
    "size_kb": 0.0
  },
  {
    "path": "tools\\verify_live_ready.py",
    "mtime": "2025-08-17 19:58:05",
    "size_kb": 2.9
  },
  {
    "path": "新建 文本文档 (2).txt",
    "mtime": "2025-08-17 19:55:52",
    "size_kb": 0.0
  },
  {
    "path": "logs\\opt_bridge_20250817_191141.log",
    "mtime": "2025-08-17 19:52:14",
    "size_kb": 1.9
  },
  {
    "path": "one_click_import.cmd",
    "mtime": "2025-08-17 19:50:24",
    "size_kb": 0.6
  },
  {
    "path": "tools\\best_params_importer.py",
    "mtime": "2025-08-17 19:46:47",
    "size_kb": 5.3
  },
  {
    "path": "一键_回灌_best_params并验库.bat",
    "mtime": "2025-08-17 19:15:32",
    "size_kb": 1.0
  },
  {
    "path": "config\\symbols_for_bridge.txt",
    "mtime": "2025-08-17 19:11:41",
    "size_kb": 0.0
  },
  {
    "path": "logs\\bridge_1755427803.log",
    "mtime": "2025-08-17 18:51:27",
    "size_kb": 0.5
  },
  {
    "path": "results\\symbols_binance_perp.txt",
    "mtime": "2025-08-17 18:49:05",
    "size_kb": 4.6
  },
  {
    "path": "deploy\\live_best_params.json.bak",
    "mtime": "2025-08-17 18:46:57",
    "size_kb": 0.4
  },
  {
    "path": "logs\\bridge_1755427599.log",
    "mtime": "2025-08-17 18:46:57",
    "size_kb": 0.8
  },
  {
    "path": "deploy\\run_config.json.bak",
    "mtime": "2025-08-17 18:46:39",
    "size_kb": 0.3
  },
  {
    "path": "results\\symbols_smoke.txt",
    "mtime": "2025-08-17 18:46:38",
    "size_kb": 0.0
  },
  {
    "path": "logs\\bridge_1755426451.log",
    "mtime": "2025-08-17 18:27:31",
    "size_kb": 0.1
  },
  {
    "path": "logs\\bridge_1755426420.log",
    "mtime": "2025-08-17 18:27:00",
    "size_kb": 0.1
  },
  {
    "path": "一键_桥接_回滚上一个清单.bat",
    "mtime": "2025-08-17 18:26:41",
    "size_kb": 0.4
  },
  {
    "path": "一键_桥接_捕获BEST并下发_S级桥接.bat",
    "mtime": "2025-08-17 18:26:18",
    "size_kb": 1.4
  },
  {
    "path": "tools\\bridge_best_stdout.py",
    "mtime": "2025-08-17 18:25:41",
    "size_kb": 11.8
  },
  {
    "path": "set",
    "mtime": "2025-08-17 18:19:46",
    "size_kb": 0.0
  },
  {
    "path": "logs\\opt_bridge_20250817_180138.log",
    "mtime": "2025-08-17 18:01:38",
    "size_kb": 0.0
  },
  {
    "path": "一键_寻优_桥接_S级.bat",
    "mtime": "2025-08-17 18:01:27",
    "size_kb": 1.3
  },
  {
    "path": "tools\\bridge_best_results.py",
    "mtime": "2025-08-17 18:00:46",
    "size_kb": 14.6
  },
  {
    "path": "deploy\\最佳参数表_A1A8.csv",
    "mtime": "2025-08-17 17:42:30",
    "size_kb": 0.2
  },
  {
    "path": "tools\\export_best_params_cn.py",
    "mtime": "2025-08-17 17:42:06",
    "size_kb": 7.5
  },
  {
    "path": "一键_寻优_下发_导出_S级.bat",
    "mtime": "2025-08-17 17:35:32",
    "size_kb": 1.5
  },
  {
    "path": "logs\\collect_binance_20250817_085037\\run.log",
    "mtime": "2025-08-17 17:09:03",
    "size_kb": 362.9
  },
  {
    "path": "scripts\\collector_binance_usdm_pro.py",
    "mtime": "2025-08-17 17:08:47",
    "size_kb": 17.6
  },
  {
    "path": "一键_采集_Binance_USDT永续_PRO.bat",
    "mtime": "2025-08-17 17:08:11",
    "size_kb": 0.6
  },
  {
    "path": "logs\\collect_binance_20250817_084351\\run.log",
    "mtime": "2025-08-17 16:49:58",
    "size_kb": 105.8
  },
  {
    "path": "results\\symbols_bitget_perp.txt",
    "mtime": "2025-08-17 16:22:33",
    "size_kb": 4.0
  },
  {
    "path": "results\\symbols_from_db.txt",
    "mtime": "2025-08-17 16:22:29",
    "size_kb": 4.6
  },
  {
    "path": "results\\symbols_from_db_ccxt.txt",
    "mtime": "2025-08-17 16:22:29",
    "size_kb": 5.0
  },
  {
    "path": "results\\timeframes_by_symbol.json",
    "mtime": "2025-08-17 16:22:29",
    "size_kb": 46.4
  },
  {
    "path": "tmp\\gen_bitget_perp.py",
    "mtime": "2025-08-17 16:22:29",
    "size_kb": 0.7
  },
  {
    "path": "logs\\opt_Sun0817_202516\\run.log",
    "mtime": "2025-08-17 16:21:39",
    "size_kb": 0.3
  },
  {
    "path": "scripts\\sync_json_to_db.py",
    "mtime": "2025-08-17 16:17:18",
    "size_kb": 2.6
  },
  {
    "path": "logs\\opt_20250817_160933\\run.log",
    "mtime": "2025-08-17 16:09:38",
    "size_kb": 0.7
  },
  {
    "path": "results\\symbols_whitelist.txt",
    "mtime": "2025-08-17 16:09:38",
    "size_kb": 4.4
  },
  {
    "path": "logs\\opt_20250817_155845\\run.log",
    "mtime": "2025-08-17 16:09:28",
    "size_kb": 0.6
  },
  {
    "path": "scripts\\fix_optimize_deploy.py",
    "mtime": "2025-08-17 16:08:47",
    "size_kb": 7.8
  },
  {
    "path": "logs\\livecheck_20250817_160355\\run.log",
    "mtime": "2025-08-17 16:03:57",
    "size_kb": 0.9
  },
  {
    "path": "logs\\livecheck_20250817_160340\\run.log",
    "mtime": "2025-08-17 16:03:42",
    "size_kb": 0.9
  },
  {
    "path": "scripts\\verify_live_params.py",
    "mtime": "2025-08-17 16:03:23",
    "size_kb": 5.1
  },
  {
    "path": "logs\\livecheck_20250817_160045\\run.log",
    "mtime": "2025-08-17 16:00:47",
    "size_kb": 0.9
  },
  {
    "path": "scripts\\新建 文本文档.txt",
    "mtime": "2025-08-17 15:56:13",
    "size_kb": 0.0
  },
  {
    "path": "logs\\opt_Sun0817_202515\\run.log",
    "mtime": "2025-08-17 15:53:28",
    "size_kb": 0.4
  },
  {
    "path": "logs\\opt_Sun0817_202515\\check_env.py",
    "mtime": "2025-08-17 15:53:27",
    "size_kb": 0.1
  },
  {
    "path": "logs\\livecheck_Sun0817_202515\\run.log",
    "mtime": "2025-08-17 15:48:24",
    "size_kb": 0.1
  },
  {
    "path": "logs\\livecheck_Sun0817_2025\\run.log",
    "mtime": "2025-08-17 15:28:19",
    "size_kb": 0.2
  },
  {
    "path": "logs\\opt_Sun0817_2025\\run.log",
    "mtime": "2025-08-17 15:28:16",
    "size_kb": 0.1
  },
  {
    "path": "tools\\filter_symbols_for_exchange.py",
    "mtime": "2025-08-17 15:05:08",
    "size_kb": 1.1
  },
  {
    "path": "一键_全链路.bat",
    "mtime": "2025-08-17 14:53:12",
    "size_kb": 0.3
  },
  {
    "path": "一键_实盘.bat",
    "mtime": "2025-08-17 14:52:46",
    "size_kb": 0.7
  },
  {
    "path": "一键_寻优+下发.bat",
    "mtime": "2025-08-17 14:51:57",
    "size_kb": 1.2
  },
  {
    "path": "一键_检测+采集.bat",
    "mtime": "2025-08-17 14:51:29",
    "size_kb": 2.8
  },
  {
    "path": "utils\\__init__.py",
    "mtime": "2025-08-17 14:39:42",
    "size_kb": 0.0
  },
  {
    "path": "backtest\\backtest_engine_pro.py",
    "mtime": "2025-08-17 14:22:26",
    "size_kb": 2.8
  },
  {
    "path": "live_trading\\live_trader_pro.py",
    "mtime": "2025-08-17 14:22:26",
    "size_kb": 5.5
  },
  {
    "path": "live_trading\\params_watch_demo.py",
    "mtime": "2025-08-17 14:22:26",
    "size_kb": 0.8
  },
  {
    "path": "optimizer\\a1a8_optimizer_and_deploy.py",
    "mtime": "2025-08-17 14:22:26",
    "size_kb": 10.1
  },
  {
    "path": "optimizer\\auto_opt_and_deploy.py",
    "mtime": "2025-08-17 14:22:26",
    "size_kb": 4.1
  },
  {
    "path": "tools\\db_sanity_probe.py",
    "mtime": "2025-08-17 14:22:26",
    "size_kb": 0.6
  },
  {
    "path": "tools\\list_symbols_from_db.py",
    "mtime": "2025-08-17 14:22:26",
    "size_kb": 1.8
  },
  {
    "path": "tools\\live_collector_pro.py",
    "mtime": "2025-08-17 14:22:26",
    "size_kb": 6.0
  },
  {
    "path": "tools\\run_backtest_all_pro.py",
    "mtime": "2025-08-17 14:22:26",
    "size_kb": 2.0
  },
  {
    "path": "utils\\db.py",
    "mtime": "2025-08-17 14:22:26",
    "size_kb": 2.9
  },
  {
    "path": "utils\\param_loader.py",
    "mtime": "2025-08-17 14:22:26",
    "size_kb": 3.1
  },
  {
    "path": "list_db_symbols.py",
    "mtime": "2025-08-17 14:13:52",
    "size_kb": 1.8
  },
  {
    "path": "start_collect_and_deploy.bat",
    "mtime": "2025-08-17 14:01:31",
    "size_kb": 1.2
  },
  {
    "path": "results\\live_90d_BTCUSDT\\console_full.log",
    "mtime": "2025-08-17 05:26:20",
    "size_kb": 331.4
  },
  {
    "path": "results\\live_90d_BTCUSDT\\run_BTCUSDT_A8_1755379397.log",
    "mtime": "2025-08-17 05:26:20",
    "size_kb": 17.9
  },
  {
    "path": "results\\live_90d_BTCUSDT\\PBO报告_S档_20250817-052619.html",
    "mtime": "2025-08-17 05:26:19",
    "size_kb": 11.7
  },
  {
    "path": "results\\live_90d_BTCUSDT\\全量回测明细_S档_20250817-052619.csv",
    "mtime": "2025-08-17 05:26:19",
    "size_kb": 56.1
  },
  {
    "path": "results\\live_90d_BTCUSDT\\参数寻优轨迹_S档_20250817-052619.csv",
    "mtime": "2025-08-17 05:26:19",
    "size_kb": 42.8
  },
  {
    "path": "results\\live_90d_BTCUSDT\\最优组合总表_S档_20250817-052619.csv",
    "mtime": "2025-08-17 05:26:19",
    "size_kb": 0.5
  },
  {
    "path": "results\\live_90d_BTCUSDT\\稳健性与检验报告_S档_20250817-052619.csv",
    "mtime": "2025-08-17 05:26:19",
    "size_kb": 0.3
  },
  {
    "path": "results\\live_90d_BTCUSDT\\run_BTCUSDT_A7_1755378577.log",
    "mtime": "2025-08-17 05:23:16",
    "size_kb": 17.9
  },
  {
    "path": "results\\live_90d_BTCUSDT\\PBO报告_S档_20250817-052306.html",
    "mtime": "2025-08-17 05:23:07",
    "size_kb": 11.7
  },
  {
    "path": "results\\live_90d_BTCUSDT\\全量回测明细_S档_20250817-052306.csv",
    "mtime": "2025-08-17 05:23:06",
    "size_kb": 44.0
  },
  {
    "path": "results\\live_90d_BTCUSDT\\参数寻优轨迹_S档_20250817-052306.csv",
    "mtime": "2025-08-17 05:23:06",
    "size_kb": 31.9
  },
  {
    "path": "results\\live_90d_BTCUSDT\\最优组合总表_S档_20250817-052306.csv",
    "mtime": "2025-08-17 05:23:06",
    "size_kb": 0.5
  },
  {
    "path": "results\\live_90d_BTCUSDT\\稳健性与检验报告_S档_20250817-052306.csv",
    "mtime": "2025-08-17 05:23:06",
    "size_kb": 0.3
  },
  {
    "path": "results\\live_90d_BTCUSDT\\run_BTCUSDT_A6_1755377695.log",
    "mtime": "2025-08-17 05:09:37",
    "size_kb": 18.1
  },
  {
    "path": "results\\live_90d_BTCUSDT\\PBO报告_S档_20250817-050936.html",
    "mtime": "2025-08-17 05:09:36",
    "size_kb": 11.7
  },
  {
    "path": "results\\live_90d_BTCUSDT\\全量回测明细_S档_20250817-050936.csv",
    "mtime": "2025-08-17 05:09:36",
    "size_kb": 55.5
  },
  {
    "path": "results\\live_90d_BTCUSDT\\参数寻优轨迹_S档_20250817-050936.csv",
    "mtime": "2025-08-17 05:09:36",
    "size_kb": 41.1
  },
  {
    "path": "results\\live_90d_BTCUSDT\\最优组合总表_S档_20250817-050936.csv",
    "mtime": "2025-08-17 05:09:36",
    "size_kb": 0.5
  },
  {
    "path": "results\\live_90d_BTCUSDT\\稳健性与检验报告_S档_20250817-050936.csv",
    "mtime": "2025-08-17 05:09:36",
    "size_kb": 0.3
  },
  {
    "path": "results\\live_90d_BTCUSDT\\run_BTCUSDT_A7_1755377067.log",
    "mtime": "2025-08-17 04:58:51",
    "size_kb": 18.3
  },
  {
    "path": "results\\live_90d_BTCUSDT\\PBO报告_S档_20250817-045839.html",
    "mtime": "2025-08-17 04:58:40",
    "size_kb": 11.7
  },
  {
    "path": "results\\live_90d_BTCUSDT\\全量回测明细_S档_20250817-045839.csv",
    "mtime": "2025-08-17 04:58:39",
    "size_kb": 41.1
  },
  {
    "path": "results\\live_90d_BTCUSDT\\参数寻优轨迹_S档_20250817-045839.csv",
    "mtime": "2025-08-17 04:58:39",
    "size_kb": 30.3
  },
  {
    "path": "results\\live_90d_BTCUSDT\\最优组合总表_S档_20250817-045839.csv",
    "mtime": "2025-08-17 04:58:39",
    "size_kb": 0.5
  },
  {
    "path": "results\\live_90d_BTCUSDT\\稳健性与检验报告_S档_20250817-045839.csv",
    "mtime": "2025-08-17 04:58:39",
    "size_kb": 0.3
  },
  {
    "path": "results\\live_90d_BTCUSDT\\run_BTCUSDT_A5_1755377047.log",
    "mtime": "2025-08-17 04:54:55",
    "size_kb": 80.8
  },
  {
    "path": "results\\live_90d_BTCUSDT\\PBO报告_S档_20250817-045454.html",
    "mtime": "2025-08-17 04:54:54",
    "size_kb": 11.7
  },
  {
    "path": "results\\live_90d_BTCUSDT\\全量回测明细_S档_20250817-045454.csv",
    "mtime": "2025-08-17 04:54:54",
    "size_kb": 63.9
  },
  {
    "path": "results\\live_90d_BTCUSDT\\参数寻优轨迹_S档_20250817-045454.csv",
    "mtime": "2025-08-17 04:54:54",
    "size_kb": 49.3
  },
  {
    "path": "results\\live_90d_BTCUSDT\\最优组合总表_S档_20250817-045454.csv",
    "mtime": "2025-08-17 04:54:54",
    "size_kb": 0.5
  },
  {
    "path": "results\\live_90d_BTCUSDT\\稳健性与检验报告_S档_20250817-045454.csv",
    "mtime": "2025-08-17 04:54:54",
    "size_kb": 0.3
  },
  {
    "path": "results\\live_90d_BTCUSDT\\run_BTCUSDT_A8_1755377316.log",
    "mtime": "2025-08-17 04:51:42",
    "size_kb": 17.9
  },
  {
    "path": "results\\live_90d_BTCUSDT\\PBO报告_S档_20250817-045140.html",
    "mtime": "2025-08-17 04:51:41",
    "size_kb": 11.7
  },
  {
    "path": "results\\live_90d_BTCUSDT\\全量回测明细_S档_20250817-045140.csv",
    "mtime": "2025-08-17 04:51:40",
    "size_kb": 56.1
  },
  {
    "path": "results\\live_90d_BTCUSDT\\参数寻优轨迹_S档_20250817-045140.csv",
    "mtime": "2025-08-17 04:51:40",
    "size_kb": 42.8
  },
  {
    "path": "results\\live_90d_BTCUSDT\\最优组合总表_S档_20250817-045140.csv",
    "mtime": "2025-08-17 04:51:40",
    "size_kb": 0.5
  },
  {
    "path": "results\\live_90d_BTCUSDT\\稳健性与检验报告_S档_20250817-045140.csv",
    "mtime": "2025-08-17 04:51:40",
    "size_kb": 0.3
  },
  {
    "path": "results\\live_90d_BTCUSDT\\run_BTCUSDT_A6_1755376411.log",
    "mtime": "2025-08-17 04:48:36",
    "size_kb": 18.1
  },
  {
    "path": "results\\live_90d_BTCUSDT\\PBO报告_S档_20250817-044835.html",
    "mtime": "2025-08-17 04:48:35",
    "size_kb": 11.7
  },
  {
    "path": "results\\live_90d_BTCUSDT\\全量回测明细_S档_20250817-044835.csv",
    "mtime": "2025-08-17 04:48:35",
    "size_kb": 55.2
  },
  {
    "path": "results\\live_90d_BTCUSDT\\参数寻优轨迹_S档_20250817-044835.csv",
    "mtime": "2025-08-17 04:48:35",
    "size_kb": 41.1
  },
  {
    "path": "results\\live_90d_BTCUSDT\\最优组合总表_S档_20250817-044835.csv",
    "mtime": "2025-08-17 04:48:35",
    "size_kb": 0.5
  },
  {
    "path": "results\\live_90d_BTCUSDT\\稳健性与检验报告_S档_20250817-044835.csv",
    "mtime": "2025-08-17 04:48:35",
    "size_kb": 0.3
  },
  {
    "path": "results\\live_90d_BTCUSDT\\run_BTCUSDT_A4_1755377047.log",
    "mtime": "2025-08-17 04:46:55",
    "size_kb": 18.2
  },
  {
    "path": "results\\live_90d_BTCUSDT\\PBO报告_S档_20250817-044653.html",
    "mtime": "2025-08-17 04:46:54",
    "size_kb": 12.0
  },
  {
    "path": "results\\live_90d_BTCUSDT\\全量回测明细_S档_20250817-044653.csv",
    "mtime": "2025-08-17 04:46:53",
    "size_kb": 51.0
  },
  {
    "path": "results\\live_90d_BTCUSDT\\参数寻优轨迹_S档_20250817-044653.csv",
    "mtime": "2025-08-17 04:46:53",
    "size_kb": 36.4
  },
  {
    "path": "results\\live_90d_BTCUSDT\\最优组合总表_S档_20250817-044653.csv",
    "mtime": "2025-08-17 04:46:53",
    "size_kb": 0.5
  },
  {
    "path": "results\\live_90d_BTCUSDT\\稳健性与检验报告_S档_20250817-044653.csv",
    "mtime": "2025-08-17 04:46:53",
    "size_kb": 0.3
  },
  {
    "path": "results\\live_90d_BTCUSDT\\run_BTCUSDT_A2_1755377047.log",
    "mtime": "2025-08-17 04:46:26",
    "size_kb": 18.3
  },
  {
    "path": "results\\live_90d_BTCUSDT\\run_BTCUSDT_A3_1755377047.log",
    "mtime": "2025-08-17 04:46:26",
    "size_kb": 18.3
  },
  {
    "path": "results\\live_90d_BTCUSDT\\PBO报告_S档_20250817-044624.html",
    "mtime": "2025-08-17 04:46:25",
    "size_kb": 11.7
  },
  {
    "path": "results\\live_90d_BTCUSDT\\PBO报告_S档_20250817-044625.html",
    "mtime": "2025-08-17 04:46:25",
    "size_kb": 11.7
  },
  {
    "path": "results\\live_90d_BTCUSDT\\run_BTCUSDT_A1_1755377047.log",
    "mtime": "2025-08-17 04:46:25",
    "size_kb": 18.2
  },
  {
    "path": "results\\live_90d_BTCUSDT\\全量回测明细_S档_20250817-044625.csv",
    "mtime": "2025-08-17 04:46:25",
    "size_kb": 47.7
  },
  {
    "path": "results\\live_90d_BTCUSDT\\参数寻优轨迹_S档_20250817-044625.csv",
    "mtime": "2025-08-17 04:46:25",
    "size_kb": 33.1
  },
  {
    "path": "results\\live_90d_BTCUSDT\\最优组合总表_S档_20250817-044625.csv",
    "mtime": "2025-08-17 04:46:25",
    "size_kb": 0.5
  },
  {
    "path": "results\\live_90d_BTCUSDT\\稳健性与检验报告_S档_20250817-044625.csv",
    "mtime": "2025-08-17 04:46:25",
    "size_kb": 0.2
  },
  {
    "path": "results\\live_90d_BTCUSDT\\全量回测明细_S档_20250817-044624.csv",
    "mtime": "2025-08-17 04:46:24",
    "size_kb": 54.6
  },
  {
    "path": "results\\live_90d_BTCUSDT\\参数寻优轨迹_S档_20250817-044624.csv",
    "mtime": "2025-08-17 04:46:24",
    "size_kb": 40.0
  },
  {
    "path": "results\\live_90d_BTCUSDT\\最优组合总表_S档_20250817-044624.csv",
    "mtime": "2025-08-17 04:46:24",
    "size_kb": 0.5
  },
  {
    "path": "results\\live_90d_BTCUSDT\\稳健性与检验报告_S档_20250817-044624.csv",
    "mtime": "2025-08-17 04:46:24",
    "size_kb": 0.3
  },
  {
    "path": "results\\live_90d_BTCUSDT\\run_BTCUSDT_A5_1755376411.log",
    "mtime": "2025-08-17 04:44:27",
    "size_kb": 80.8
  },
  {
    "path": "results\\live_90d_BTCUSDT\\PBO报告_S档_20250817-044425.html",
    "mtime": "2025-08-17 04:44:26",
    "size_kb": 11.7
  },
  {
    "path": "results\\live_90d_BTCUSDT\\全量回测明细_S档_20250817-044425.csv",
    "mtime": "2025-08-17 04:44:26",
    "size_kb": 63.9
  },
  {
    "path": "results\\live_90d_BTCUSDT\\参数寻优轨迹_S档_20250817-044425.csv",
    "mtime": "2025-08-17 04:44:26",
    "size_kb": 49.4
  },
  {
    "path": "results\\live_90d_BTCUSDT\\稳健性与检验报告_S档_20250817-044425.csv",
    "mtime": "2025-08-17 04:44:26",
    "size_kb": 0.3
  },
  {
    "path": "results\\live_90d_BTCUSDT\\最优组合总表_S档_20250817-044425.csv",
    "mtime": "2025-08-17 04:44:25",
    "size_kb": 0.5
  },
  {
    "path": "results\\live_90d_BTCUSDT\\run_BTCUSDT_A4_1755376411.log",
    "mtime": "2025-08-17 04:36:19",
    "size_kb": 18.2
  },
  {
    "path": "results\\live_90d_BTCUSDT\\PBO报告_S档_20250817-043618.html",
    "mtime": "2025-08-17 04:36:18",
    "size_kb": 11.7
  },
  {
    "path": "results\\live_90d_BTCUSDT\\全量回测明细_S档_20250817-043618.csv",
    "mtime": "2025-08-17 04:36:18",
    "size_kb": 51.1
  },
  {
    "path": "results\\live_90d_BTCUSDT\\参数寻优轨迹_S档_20250817-043618.csv",
    "mtime": "2025-08-17 04:36:18",
    "size_kb": 36.5
  },
  {
    "path": "results\\live_90d_BTCUSDT\\最优组合总表_S档_20250817-043618.csv",
    "mtime": "2025-08-17 04:36:18",
    "size_kb": 0.5
  },
  {
    "path": "results\\live_90d_BTCUSDT\\稳健性与检验报告_S档_20250817-043618.csv",
    "mtime": "2025-08-17 04:36:18",
    "size_kb": 0.3
  },
  {
    "path": "results\\live_90d_BTCUSDT\\run_BTCUSDT_A2_1755376411.log",
    "mtime": "2025-08-17 04:35:51",
    "size_kb": 18.2
  },
  {
    "path": "results\\live_90d_BTCUSDT\\run_BTCUSDT_A3_1755376411.log",
    "mtime": "2025-08-17 04:35:51",
    "size_kb": 18.2
  },
  {
    "path": "results\\live_90d_BTCUSDT\\PBO报告_S档_20250817-043549.html",
    "mtime": "2025-08-17 04:35:50",
    "size_kb": 11.7
  },
  {
    "path": "results\\live_90d_BTCUSDT\\run_BTCUSDT_A1_1755376411.log",
    "mtime": "2025-08-17 04:35:50",
    "size_kb": 18.2
  },
  {
    "path": "results\\live_90d_BTCUSDT\\PBO报告_S档_20250817-043548.html",
    "mtime": "2025-08-17 04:35:49",
    "size_kb": 12.0
  },
  {
    "path": "results\\live_90d_BTCUSDT\\全量回测明细_S档_20250817-043549.csv",
    "mtime": "2025-08-17 04:35:49",
    "size_kb": 47.9
  },
  {
    "path": "results\\live_90d_BTCUSDT\\参数寻优轨迹_S档_20250817-043549.csv",
    "mtime": "2025-08-17 04:35:49",
    "size_kb": 33.2
  },
  {
    "path": "results\\live_90d_BTCUSDT\\最优组合总表_S档_20250817-043549.csv",
    "mtime": "2025-08-17 04:35:49",
    "size_kb": 0.5
  },
  {
    "path": "results\\live_90d_BTCUSDT\\稳健性与检验报告_S档_20250817-043549.csv",
    "mtime": "2025-08-17 04:35:49",
    "size_kb": 0.2
  },
  {
    "path": "results\\live_90d_BTCUSDT\\全量回测明细_S档_20250817-043548.csv",
    "mtime": "2025-08-17 04:35:48",
    "size_kb": 51.5
  },
  {
    "path": "results\\live_90d_BTCUSDT\\参数寻优轨迹_S档_20250817-043548.csv",
    "mtime": "2025-08-17 04:35:48",
    "size_kb": 36.8
  },
  {
    "path": "results\\live_90d_BTCUSDT\\最优组合总表_S档_20250817-043548.csv",
    "mtime": "2025-08-17 04:35:48",
    "size_kb": 0.5
  },
  {
    "path": "results\\live_90d_BTCUSDT\\稳健性与检验报告_S档_20250817-043548.csv",
    "mtime": "2025-08-17 04:35:48",
    "size_kb": 0.3
  },
  {
    "path": "results\\sprint_ETHUSDT_A5\\PBO报告_S档_20250817-043139.html",
    "mtime": "2025-08-17 04:31:39",
    "size_kb": 11.7
  },
  {
    "path": "results\\sprint_ETHUSDT_A5\\全量回测明细_S档_20250817-043139.csv",
    "mtime": "2025-08-17 04:31:39",
    "size_kb": 52.4
  },
  {
    "path": "results\\sprint_ETHUSDT_A5\\参数寻优轨迹_S档_20250817-043139.csv",
    "mtime": "2025-08-17 04:31:39",
    "size_kb": 41.1
  },
  {
    "path": "results\\sprint_ETHUSDT_A5\\最优组合总表_S档_20250817-043139.csv",
    "mtime": "2025-08-17 04:31:39",
    "size_kb": 0.6
  },
  {
    "path": "results\\sprint_ETHUSDT_A5\\稳健性与检验报告_S档_20250817-043139.csv",
    "mtime": "2025-08-17 04:31:39",
    "size_kb": 0.3
  },
  {
    "path": "results\\sprint_SOLUSDT_A5\\PBO报告_S档_20250817-043010.html",
    "mtime": "2025-08-17 04:30:11",
    "size_kb": 11.7
  },
  {
    "path": "results\\sprint_SOLUSDT_A5\\全量回测明细_S档_20250817-043010.csv",
    "mtime": "2025-08-17 04:30:10",
    "size_kb": 20.0
  },
  {
    "path": "results\\sprint_SOLUSDT_A5\\参数寻优轨迹_S档_20250817-043010.csv",
    "mtime": "2025-08-17 04:30:10",
    "size_kb": 16.3
  },
  {
    "path": "results\\sprint_SOLUSDT_A5\\最优组合总表_S档_20250817-043010.csv",
    "mtime": "2025-08-17 04:30:10",
    "size_kb": 0.5
  },
  {
    "path": "results\\sprint_SOLUSDT_A5\\稳健性与检验报告_S档_20250817-043010.csv",
    "mtime": "2025-08-17 04:30:10",
    "size_kb": 0.3
  },
  {
    "path": "results\\live_30d_BTCUSDT\\run_BTCUSDT_A7_1755375828.log",
    "mtime": "2025-08-17 04:29:15",
    "size_kb": 13.9
  },
  {
    "path": "results\\live_30d_BTCUSDT\\PBO报告_S档_20250817-042910.html",
    "mtime": "2025-08-17 04:29:11",
    "size_kb": 11.7
  },
  {
    "path": "results\\live_30d_BTCUSDT\\全量回测明细_S档_20250817-042910.csv",
    "mtime": "2025-08-17 04:29:10",
    "size_kb": 33.9
  },
  {
    "path": "results\\live_30d_BTCUSDT\\参数寻优轨迹_S档_20250817-042910.csv",
    "mtime": "2025-08-17 04:29:10",
    "size_kb": 25.3
  },
  {
    "path": "results\\live_30d_BTCUSDT\\最优组合总表_S档_20250817-042910.csv",
    "mtime": "2025-08-17 04:29:10",
    "size_kb": 0.4
  },
  {
    "path": "results\\live_30d_BTCUSDT\\稳健性与检验报告_S档_20250817-042910.csv",
    "mtime": "2025-08-17 04:29:10",
    "size_kb": 0.3
  },
  {
    "path": "results\\live_30d_BTCUSDT\\run_BTCUSDT_A8_1755376010.log",
    "mtime": "2025-08-17 04:28:58",
    "size_kb": 15.2
  },
  {
    "path": "results\\live_30d_BTCUSDT\\PBO报告_S档_20250817-042856.html",
    "mtime": "2025-08-17 04:28:57",
    "size_kb": 11.7
  },
  {
    "path": "results\\live_30d_BTCUSDT\\全量回测明细_S档_20250817-042856.csv",
    "mtime": "2025-08-17 04:28:56",
    "size_kb": 42.7
  },
  {
    "path": "results\\live_30d_BTCUSDT\\参数寻优轨迹_S档_20250817-042856.csv",
    "mtime": "2025-08-17 04:28:56",
    "size_kb": 33.4
  },
  {
    "path": "results\\live_30d_BTCUSDT\\最优组合总表_S档_20250817-042856.csv",
    "mtime": "2025-08-17 04:28:56",
    "size_kb": 0.5
  },
  {
    "path": "results\\live_30d_BTCUSDT\\稳健性与检验报告_S档_20250817-042856.csv",
    "mtime": "2025-08-17 04:28:56",
    "size_kb": 0.3
  },
  {
    "path": "results\\live_30d_BTCUSDT\\PBO报告_S档_20250817-042649.html",
    "mtime": "2025-08-17 04:26:50",
    "size_kb": 12.0
  },
  {
    "path": "results\\live_30d_BTCUSDT\\run_BTCUSDT_A6_1755375502.log",
    "mtime": "2025-08-17 04:26:50",
    "size_kb": 15.7
  },
  {
    "path": "results\\live_30d_BTCUSDT\\全量回测明细_S档_20250817-042649.csv",
    "mtime": "2025-08-17 04:26:49",
    "size_kb": 45.1
  },
  {
    "path": "results\\live_30d_BTCUSDT\\参数寻优轨迹_S档_20250817-042649.csv",
    "mtime": "2025-08-17 04:26:49",
    "size_kb": 34.2
  },
  {
    "path": "results\\live_30d_BTCUSDT\\最优组合总表_S档_20250817-042649.csv",
    "mtime": "2025-08-17 04:26:49",
    "size_kb": 0.5
  },
  {
    "path": "results\\live_30d_BTCUSDT\\稳健性与检验报告_S档_20250817-042649.csv",
    "mtime": "2025-08-17 04:26:49",
    "size_kb": 0.3
  },
  {
    "path": "results\\live_30d_BTCUSDT\\run_BTCUSDT_A5_1755375502.log",
    "mtime": "2025-08-17 04:23:48",
    "size_kb": 68.0
  },
  {
    "path": "results\\live_30d_BTCUSDT\\PBO报告_S档_20250817-042346.html",
    "mtime": "2025-08-17 04:23:47",
    "size_kb": 11.7
  },
  {
    "path": "results\\live_30d_BTCUSDT\\全量回测明细_S档_20250817-042346.csv",
    "mtime": "2025-08-17 04:23:46",
    "size_kb": 52.2
  },
  {
    "path": "results\\live_30d_BTCUSDT\\参数寻优轨迹_S档_20250817-042346.csv",
    "mtime": "2025-08-17 04:23:46",
    "size_kb": 40.9
  },
  {
    "path": "results\\live_30d_BTCUSDT\\最优组合总表_S档_20250817-042346.csv",
    "mtime": "2025-08-17 04:23:46",
    "size_kb": 0.6
  },
  {
    "path": "results\\live_30d_BTCUSDT\\稳健性与检验报告_S档_20250817-042346.csv",
    "mtime": "2025-08-17 04:23:46",
    "size_kb": 0.3
  },
  {
    "path": "results\\live_30d_BTCUSDT\\PBO报告_S档_20250817-042145.html",
    "mtime": "2025-08-17 04:21:46",
    "size_kb": 11.7
  },
  {
    "path": "results\\live_30d_BTCUSDT\\run_BTCUSDT_A4_1755375502.log",
    "mtime": "2025-08-17 04:21:46",
    "size_kb": 15.7
  },
  {
    "path": "results\\live_30d_BTCUSDT\\全量回测明细_S档_20250817-042145.csv",
    "mtime": "2025-08-17 04:21:45",
    "size_kb": 41.3
  },
  {
    "path": "results\\live_30d_BTCUSDT\\参数寻优轨迹_S档_20250817-042145.csv",
    "mtime": "2025-08-17 04:21:45",
    "size_kb": 29.7
  },
  {
    "path": "results\\live_30d_BTCUSDT\\最优组合总表_S档_20250817-042145.csv",
    "mtime": "2025-08-17 04:21:45",
    "size_kb": 0.5
  },
  {
    "path": "results\\live_30d_BTCUSDT\\稳健性与检验报告_S档_20250817-042145.csv",
    "mtime": "2025-08-17 04:21:45",
    "size_kb": 0.2
  },
  {
    "path": "results\\live_30d_BTCUSDT\\run_BTCUSDT_A1_1755375502.log",
    "mtime": "2025-08-17 04:21:43",
    "size_kb": 15.7
  },
  {
    "path": "results\\live_30d_BTCUSDT\\run_BTCUSDT_A2_1755375502.log",
    "mtime": "2025-08-17 04:21:43",
    "size_kb": 15.7
  },
  {
    "path": "results\\live_30d_BTCUSDT\\run_BTCUSDT_A3_1755375502.log",
    "mtime": "2025-08-17 04:21:43",
    "size_kb": 15.4
  },
  {
    "path": "results\\live_30d_BTCUSDT\\PBO报告_S档_20250817-042139.html",
    "mtime": "2025-08-17 04:21:42",
    "size_kb": 12.0
  },
  {
    "path": "results\\live_30d_BTCUSDT\\PBO报告_S档_20250817-042140.html",
    "mtime": "2025-08-17 04:21:42",
    "size_kb": 12.0
  },
  {
    "path": "results\\live_30d_BTCUSDT\\全量回测明细_S档_20250817-042139.csv",
    "mtime": "2025-08-17 04:21:40",
    "size_kb": 41.6
  },
  {
    "path": "results\\live_30d_BTCUSDT\\全量回测明细_S档_20250817-042140.csv",
    "mtime": "2025-08-17 04:21:40",
    "size_kb": 42.0
  },
  {
    "path": "results\\live_30d_BTCUSDT\\参数寻优轨迹_S档_20250817-042139.csv",
    "mtime": "2025-08-17 04:21:40",
    "size_kb": 30.4
  },
  {
    "path": "results\\live_30d_BTCUSDT\\参数寻优轨迹_S档_20250817-042140.csv",
    "mtime": "2025-08-17 04:21:40",
    "size_kb": 31.3
  },
  {
    "path": "results\\live_30d_BTCUSDT\\最优组合总表_S档_20250817-042139.csv",
    "mtime": "2025-08-17 04:21:40",
    "size_kb": 0.5
  },
  {
    "path": "results\\live_30d_BTCUSDT\\最优组合总表_S档_20250817-042140.csv",
    "mtime": "2025-08-17 04:21:40",
    "size_kb": 0.5
  },
  {
    "path": "results\\live_30d_BTCUSDT\\稳健性与检验报告_S档_20250817-042139.csv",
    "mtime": "2025-08-17 04:21:40",
    "size_kb": 0.3
  },
  {
    "path": "results\\live_30d_BTCUSDT\\稳健性与检验报告_S档_20250817-042140.csv",
    "mtime": "2025-08-17 04:21:40",
    "size_kb": 0.3
  },
  {
    "path": "results\\full_throttle_ETH\\run_ETHUSDT_A7_1755373355.log",
    "mtime": "2025-08-17 03:42:35",
    "size_kb": 0.0
  },
  {
    "path": "results\\full_throttle_ETH\\PBO报告_S档_20250817-034233.html",
    "mtime": "2025-08-17 03:42:34",
    "size_kb": 11.7
  },
  {
    "path": "results\\full_throttle_ETH\\run_ETHUSDT_A5_1755372890.log",
    "mtime": "2025-08-17 03:42:34",
    "size_kb": 80.8
  },
  {
    "path": "results\\full_throttle_ETH\\全量回测明细_S档_20250817-034233.csv",
    "mtime": "2025-08-17 03:42:33",
    "size_kb": 63.1
  },
  {
    "path": "results\\full_throttle_ETH\\参数寻优轨迹_S档_20250817-034233.csv",
    "mtime": "2025-08-17 03:42:33",
    "size_kb": 49.1
  },
  {
    "path": "results\\full_throttle_ETH\\最优组合总表_S档_20250817-034233.csv",
    "mtime": "2025-08-17 03:42:33",
    "size_kb": 0.6
  },
  {
    "path": "results\\full_throttle_ETH\\稳健性与检验报告_S档_20250817-034233.csv",
    "mtime": "2025-08-17 03:42:33",
    "size_kb": 0.3
  },
  {
    "path": "results\\full_throttle_SOL\\run_SOLUSDT_A6_1755373185.log",
    "mtime": "2025-08-17 03:42:12",
    "size_kb": 8.2
  },
  {
    "path": "results\\full_throttle_SOL\\run_SOLUSDT_A7_1755373332.log",
    "mtime": "2025-08-17 03:42:12",
    "size_kb": 0.0
  },
  {
    "path": "results\\full_throttle_SOL\\PBO报告_S档_20250817-034210.html",
    "mtime": "2025-08-17 03:42:11",
    "size_kb": 11.7
  },
  {
    "path": "results\\full_throttle_SOL\\全量回测明细_S档_20250817-034210.csv",
    "mtime": "2025-08-17 03:42:10",
    "size_kb": 17.4
  },
  {
    "path": "results\\full_throttle_SOL\\参数寻优轨迹_S档_20250817-034210.csv",
    "mtime": "2025-08-17 03:42:10",
    "size_kb": 13.6
  },
  {
    "path": "results\\full_throttle_SOL\\最优组合总表_S档_20250817-034210.csv",
    "mtime": "2025-08-17 03:42:10",
    "size_kb": 0.5
  },
  {
    "path": "results\\full_throttle_SOL\\稳健性与检验报告_S档_20250817-034210.csv",
    "mtime": "2025-08-17 03:42:10",
    "size_kb": 0.3
  },
  {
    "path": "results\\full_throttle\\run_BTCUSDT_A6_1755372573.log",
    "mtime": "2025-08-17 03:40:19",
    "size_kb": 18.1
  },
  {
    "path": "results\\full_throttle\\run_BTCUSDT_A7_1755373219.log",
    "mtime": "2025-08-17 03:40:19",
    "size_kb": 0.0
  },
  {
    "path": "results\\full_throttle\\PBO报告_S档_20250817-034017.html",
    "mtime": "2025-08-17 03:40:18",
    "size_kb": 11.7
  },
  {
    "path": "results\\full_throttle\\全量回测明细_S档_20250817-034017.csv",
    "mtime": "2025-08-17 03:40:18",
    "size_kb": 54.1
  },
  {
    "path": "results\\full_throttle\\参数寻优轨迹_S档_20250817-034017.csv",
    "mtime": "2025-08-17 03:40:18",
    "size_kb": 40.9
  },
  {
    "path": "results\\full_throttle\\最优组合总表_S档_20250817-034017.csv",
    "mtime": "2025-08-17 03:40:18",
    "size_kb": 0.5
  },
  {
    "path": "results\\full_throttle\\稳健性与检验报告_S档_20250817-034017.csv",
    "mtime": "2025-08-17 03:40:18",
    "size_kb": 0.3
  },
  {
    "path": "results\\full_throttle_SOL\\run_SOLUSDT_A5_1755373091.log",
    "mtime": "2025-08-17 03:39:45",
    "size_kb": 29.9
  },
  {
    "path": "results\\full_throttle_SOL\\PBO报告_S档_20250817-033943.html",
    "mtime": "2025-08-17 03:39:44",
    "size_kb": 11.7
  },
  {
    "path": "results\\full_throttle_SOL\\全量回测明细_S档_20250817-033943.csv",
    "mtime": "2025-08-17 03:39:43",
    "size_kb": 19.9
  },
  {
    "path": "results\\full_throttle_SOL\\参数寻优轨迹_S档_20250817-033943.csv",
    "mtime": "2025-08-17 03:39:43",
    "size_kb": 16.2
  },
  {
    "path": "results\\full_throttle_SOL\\最优组合总表_S档_20250817-033943.csv",
    "mtime": "2025-08-17 03:39:43",
    "size_kb": 0.5
  },
  {
    "path": "results\\full_throttle_SOL\\稳健性与检验报告_S档_20250817-033943.csv",
    "mtime": "2025-08-17 03:39:43",
    "size_kb": 0.3
  },
  {
    "path": "results\\full_throttle_SOL\\run_SOLUSDT_A4_1755373091.log",
    "mtime": "2025-08-17 03:39:16",
    "size_kb": 7.9
  },
  {
    "path": "results\\full_throttle_SOL\\PBO报告_S档_20250817-033914.html",
    "mtime": "2025-08-17 03:39:15",
    "size_kb": 11.7
  },
  {
    "path": "results\\full_throttle_SOL\\run_SOLUSDT_A1_1755373091.log",
    "mtime": "2025-08-17 03:39:15",
    "size_kb": 8.3
  },
  {
    "path": "results\\full_throttle_SOL\\run_SOLUSDT_A3_1755373091.log",
    "mtime": "2025-08-17 03:39:15",
    "size_kb": 8.3
  },
  {
    "path": "results\\full_throttle_SOL\\PBO报告_S档_20250817-033913.html",
    "mtime": "2025-08-17 03:39:14",
    "size_kb": 11.7
  },
  {
    "path": "results\\full_throttle_SOL\\run_SOLUSDT_A2_1755373091.log",
    "mtime": "2025-08-17 03:39:14",
    "size_kb": 8.3
  },
  {
    "path": "results\\full_throttle_SOL\\全量回测明细_S档_20250817-033914.csv",
    "mtime": "2025-08-17 03:39:14",
    "size_kb": 14.1
  },
  {
    "path": "results\\full_throttle_SOL\\参数寻优轨迹_S档_20250817-033914.csv",
    "mtime": "2025-08-17 03:39:14",
    "size_kb": 10.5
  },
  {
    "path": "results\\full_throttle_SOL\\最优组合总表_S档_20250817-033914.csv",
    "mtime": "2025-08-17 03:39:14",
    "size_kb": 0.4
  },
  {
    "path": "results\\full_throttle_SOL\\稳健性与检验报告_S档_20250817-033914.csv",
    "mtime": "2025-08-17 03:39:14",
    "size_kb": 0.2
  },
  {
    "path": "results\\full_throttle_SOL\\全量回测明细_S档_20250817-033913.csv",
    "mtime": "2025-08-17 03:39:13",
    "size_kb": 17.7
  },
  {
    "path": "results\\full_throttle_SOL\\参数寻优轨迹_S档_20250817-033913.csv",
    "mtime": "2025-08-17 03:39:13",
    "size_kb": 13.5
  },
  {
    "path": "results\\full_throttle_SOL\\最优组合总表_S档_20250817-033913.csv",
    "mtime": "2025-08-17 03:39:13",
    "size_kb": 0.5
  },
  {
    "path": "results\\full_throttle_SOL\\稳健性与检验报告_S档_20250817-033913.csv",
    "mtime": "2025-08-17 03:39:13",
    "size_kb": 0.3
  },
  {
    "path": "results\\full_throttle_ETH\\run_ETHUSDT_A4_1755372890.log",
    "mtime": "2025-08-17 03:38:28",
    "size_kb": 18.2
  },
  {
    "path": "results\\full_throttle_ETH\\PBO报告_S档_20250817-033826.html",
    "mtime": "2025-08-17 03:38:27",
    "size_kb": 11.7
  },
  {
    "path": "results\\full_throttle_ETH\\全量回测明细_S档_20250817-033826.csv",
    "mtime": "2025-08-17 03:38:26",
    "size_kb": 49.7
  },
  {
    "path": "results\\full_throttle_ETH\\参数寻优轨迹_S档_20250817-033826.csv",
    "mtime": "2025-08-17 03:38:26",
    "size_kb": 35.7
  },
  {
    "path": "results\\full_throttle_ETH\\最优组合总表_S档_20250817-033826.csv",
    "mtime": "2025-08-17 03:38:26",
    "size_kb": 0.5
  },
  {
    "path": "results\\full_throttle_ETH\\稳健性与检验报告_S档_20250817-033826.csv",
    "mtime": "2025-08-17 03:38:26",
    "size_kb": 0.3
  },
  {
    "path": "results\\full_throttle_ETH\\run_ETHUSDT_A3_1755372890.log",
    "mtime": "2025-08-17 03:38:22",
    "size_kb": 18.2
  },
  {
    "path": "results\\full_throttle_ETH\\PBO报告_S档_20250817-033818.html",
    "mtime": "2025-08-17 03:38:20",
    "size_kb": 11.7
  },
  {
    "path": "results\\full_throttle_ETH\\run_ETHUSDT_A2_1755372890.log",
    "mtime": "2025-08-17 03:38:20",
    "size_kb": 18.2
  },
  {
    "path": "results\\full_throttle_ETH\\run_ETHUSDT_A1_1755372890.log",
    "mtime": "2025-08-17 03:38:19",
    "size_kb": 18.1
  },
  {
    "path": "results\\full_throttle_ETH\\PBO报告_S档_20250817-033816.html",
    "mtime": "2025-08-17 03:38:18",
    "size_kb": 11.7
  },
  {
    "path": "results\\full_throttle_ETH\\PBO报告_S档_20250817-033817.html",
    "mtime": "2025-08-17 03:38:18",
    "size_kb": 11.7
  },
  {
    "path": "results\\full_throttle_ETH\\全量回测明细_S档_20250817-033818.csv",
    "mtime": "2025-08-17 03:38:18",
    "size_kb": 53.1
  },
  {
    "path": "results\\full_throttle_ETH\\参数寻优轨迹_S档_20250817-033818.csv",
    "mtime": "2025-08-17 03:38:18",
    "size_kb": 39.4
  },
  {
    "path": "results\\full_throttle_ETH\\最优组合总表_S档_20250817-033818.csv",
    "mtime": "2025-08-17 03:38:18",
    "size_kb": 0.5
  },
  {
    "path": "results\\full_throttle_ETH\\稳健性与检验报告_S档_20250817-033818.csv",
    "mtime": "2025-08-17 03:38:18",
    "size_kb": 0.3
  },
  {
    "path": "results\\full_throttle_ETH\\全量回测明细_S档_20250817-033816.csv",
    "mtime": "2025-08-17 03:38:17",
    "size_kb": 49.1
  },
  {
    "path": "results\\full_throttle_ETH\\全量回测明细_S档_20250817-033817.csv",
    "mtime": "2025-08-17 03:38:17",
    "size_kb": 46.5
  },
  {
    "path": "results\\full_throttle_ETH\\参数寻优轨迹_S档_20250817-033816.csv",
    "mtime": "2025-08-17 03:38:17",
    "size_kb": 35.5
  },
  {
    "path": "results\\full_throttle_ETH\\参数寻优轨迹_S档_20250817-033817.csv",
    "mtime": "2025-08-17 03:38:17",
    "size_kb": 32.7
  },
  {
    "path": "results\\full_throttle_ETH\\最优组合总表_S档_20250817-033816.csv",
    "mtime": "2025-08-17 03:38:17",
    "size_kb": 0.5
  },
  {
    "path": "results\\full_throttle_ETH\\最优组合总表_S档_20250817-033817.csv",
    "mtime": "2025-08-17 03:38:17",
    "size_kb": 0.5
  },
  {
    "path": "results\\full_throttle_ETH\\稳健性与检验报告_S档_20250817-033816.csv",
    "mtime": "2025-08-17 03:38:17",
    "size_kb": 0.3
  },
  {
    "path": "results\\full_throttle_ETH\\稳健性与检验报告_S档_20250817-033817.csv",
    "mtime": "2025-08-17 03:38:17",
    "size_kb": 0.2
  },
  {
    "path": "results\\full_throttle_ETH\\run_ETHUSDT_A6_1755372890.log",
    "mtime": "2025-08-17 03:34:50",
    "size_kb": 0.0
  },
  {
    "path": "results\\full_throttle\\run_BTCUSDT_A5_1755372161.log",
    "mtime": "2025-08-17 03:29:33",
    "size_kb": 80.7
  },
  {
    "path": "results\\full_throttle\\PBO报告_S档_20250817-032932.html",
    "mtime": "2025-08-17 03:29:32",
    "size_kb": 11.7
  },
  {
    "path": "results\\full_throttle\\全量回测明细_S档_20250817-032932.csv",
    "mtime": "2025-08-17 03:29:32",
    "size_kb": 62.7
  },
  {
    "path": "results\\full_throttle\\参数寻优轨迹_S档_20250817-032932.csv",
    "mtime": "2025-08-17 03:29:32",
    "size_kb": 49.1
  },
  {
    "path": "results\\full_throttle\\最优组合总表_S档_20250817-032932.csv",
    "mtime": "2025-08-17 03:29:32",
    "size_kb": 0.6
  },
  {
    "path": "results\\full_throttle\\稳健性与检验报告_S档_20250817-032932.csv",
    "mtime": "2025-08-17 03:29:32",
    "size_kb": 0.3
  },
  {
    "path": "results\\full_throttle\\PBO报告_S档_20250817-032515.html",
    "mtime": "2025-08-17 03:25:16",
    "size_kb": 11.7
  },
  {
    "path": "results\\full_throttle\\run_BTCUSDT_A4_1755372161.log",
    "mtime": "2025-08-17 03:25:16",
    "size_kb": 18.1
  },
  {
    "path": "results\\full_throttle\\全量回测明细_S档_20250817-032515.csv",
    "mtime": "2025-08-17 03:25:15",
    "size_kb": 50.0
  },
  {
    "path": "results\\full_throttle\\参数寻优轨迹_S档_20250817-032515.csv",
    "mtime": "2025-08-17 03:25:15",
    "size_kb": 36.4
  },
  {
    "path": "results\\full_throttle\\最优组合总表_S档_20250817-032515.csv",
    "mtime": "2025-08-17 03:25:15",
    "size_kb": 0.5
  },
  {
    "path": "results\\full_throttle\\稳健性与检验报告_S档_20250817-032515.csv",
    "mtime": "2025-08-17 03:25:15",
    "size_kb": 0.2
  },
  {
    "path": "results\\full_throttle\\PBO报告_S档_20250817-032503.html",
    "mtime": "2025-08-17 03:25:04",
    "size_kb": 11.7
  },
  {
    "path": "results\\full_throttle\\run_BTCUSDT_A3_1755372161.log",
    "mtime": "2025-08-17 03:25:04",
    "size_kb": 18.2
  },
  {
    "path": "results\\full_throttle\\PBO报告_S档_20250817-032502.html",
    "mtime": "2025-08-17 03:25:03",
    "size_kb": 12.0
  },
  {
    "path": "results\\full_throttle\\run_BTCUSDT_A1_1755372161.log",
    "mtime": "2025-08-17 03:25:03",
    "size_kb": 18.2
  },
  {
    "path": "results\\full_throttle\\全量回测明细_S档_20250817-032503.csv",
    "mtime": "2025-08-17 03:25:03",
    "size_kb": 53.7
  },
  {
    "path": "results\\full_throttle\\参数寻优轨迹_S档_20250817-032503.csv",
    "mtime": "2025-08-17 03:25:03",
    "size_kb": 39.7
  },
  {
    "path": "results\\full_throttle\\最优组合总表_S档_20250817-032503.csv",
    "mtime": "2025-08-17 03:25:03",
    "size_kb": 0.5
  },
  {
    "path": "results\\full_throttle\\稳健性与检验报告_S档_20250817-032503.csv",
    "mtime": "2025-08-17 03:25:03",
    "size_kb": 0.3
  },
  {
    "path": "results\\full_throttle\\run_BTCUSDT_A2_1755372161.log",
    "mtime": "2025-08-17 03:25:02",
    "size_kb": 18.2
  },
  {
    "path": "results\\full_throttle\\全量回测明细_S档_20250817-032502.csv",
    "mtime": "2025-08-17 03:25:02",
    "size_kb": 49.8
  },
  {
    "path": "results\\full_throttle\\参数寻优轨迹_S档_20250817-032502.csv",
    "mtime": "2025-08-17 03:25:02",
    "size_kb": 36.2
  },
  {
    "path": "results\\full_throttle\\最优组合总表_S档_20250817-032502.csv",
    "mtime": "2025-08-17 03:25:02",
    "size_kb": 0.5
  },
  {
    "path": "results\\full_throttle\\稳健性与检验报告_S档_20250817-032502.csv",
    "mtime": "2025-08-17 03:25:02",
    "size_kb": 0.3
  },
  {
    "path": "results\\full_throttle\\PBO报告_S档_20250817-032501.html",
    "mtime": "2025-08-17 03:25:01",
    "size_kb": 11.7
  },
  {
    "path": "results\\full_throttle\\全量回测明细_S档_20250817-032501.csv",
    "mtime": "2025-08-17 03:25:01",
    "size_kb": 46.4
  },
  {
    "path": "results\\full_throttle\\参数寻优轨迹_S档_20250817-032501.csv",
    "mtime": "2025-08-17 03:25:01",
    "size_kb": 32.9
  },
  {
    "path": "results\\full_throttle\\最优组合总表_S档_20250817-032501.csv",
    "mtime": "2025-08-17 03:25:01",
    "size_kb": 0.5
  },
  {
    "path": "results\\full_throttle\\稳健性与检验报告_S档_20250817-032501.csv",
    "mtime": "2025-08-17 03:25:01",
    "size_kb": 0.2
  },
  {
    "path": "results\\full_throttle\\run_BTCUSDT_A7_1755372125.log",
    "mtime": "2025-08-17 03:23:02",
    "size_kb": 1.0
  },
  {
    "path": "results\\full_throttle\\run_BTCUSDT_A6_1755371123.log",
    "mtime": "2025-08-17 03:22:05",
    "size_kb": 18.1
  },
  {
    "path": "results\\full_throttle\\PBO报告_S档_20250817-032203.html",
    "mtime": "2025-08-17 03:22:04",
    "size_kb": 11.7
  },
  {
    "path": "results\\full_throttle\\参数寻优轨迹_S档_20250817-032203.csv",
    "mtime": "2025-08-17 03:22:04",
    "size_kb": 41.1
  },
  {
    "path": "results\\full_throttle\\稳健性与检验报告_S档_20250817-032203.csv",
    "mtime": "2025-08-17 03:22:04",
    "size_kb": 0.3
  },
  {
    "path": "results\\full_throttle\\全量回测明细_S档_20250817-032203.csv",
    "mtime": "2025-08-17 03:22:03",
    "size_kb": 55.3
  },
  {
    "path": "results\\full_throttle\\最优组合总表_S档_20250817-032203.csv",
    "mtime": "2025-08-17 03:22:03",
    "size_kb": 0.5
  },
  {
    "path": "results\\full_throttle\\PBO报告_S档_20250817-030521.html",
    "mtime": "2025-08-17 03:05:22",
    "size_kb": 11.7
  },
  {
    "path": "results\\full_throttle\\run_BTCUSDT_A5_1755370431.log",
    "mtime": "2025-08-17 03:05:22",
    "size_kb": 80.7
  },
  {
    "path": "results\\full_throttle\\全量回测明细_S档_20250817-030521.csv",
    "mtime": "2025-08-17 03:05:21",
    "size_kb": 64.2
  },
  {
    "path": "results\\full_throttle\\参数寻优轨迹_S档_20250817-030521.csv",
    "mtime": "2025-08-17 03:05:21",
    "size_kb": 49.3
  },
  {
    "path": "results\\full_throttle\\最优组合总表_S档_20250817-030521.csv",
    "mtime": "2025-08-17 03:05:21",
    "size_kb": 0.6
  },
  {
    "path": "results\\full_throttle\\稳健性与检验报告_S档_20250817-030521.csv",
    "mtime": "2025-08-17 03:05:21",
    "size_kb": 0.3
  },
  {
    "path": "results\\full_throttle\\run_BTCUSDT_A4_1755370431.log",
    "mtime": "2025-08-17 02:58:33",
    "size_kb": 18.2
  },
  {
    "path": "results\\full_throttle\\PBO报告_S档_20250817-025831.html",
    "mtime": "2025-08-17 02:58:32",
    "size_kb": 12.0
  },
  {
    "path": "results\\full_throttle\\全量回测明细_S档_20250817-025831.csv",
    "mtime": "2025-08-17 02:58:31",
    "size_kb": 50.8
  },
  {
    "path": "results\\full_throttle\\参数寻优轨迹_S档_20250817-025831.csv",
    "mtime": "2025-08-17 02:58:31",
    "size_kb": 36.4
  },
  {
    "path": "results\\full_throttle\\最优组合总表_S档_20250817-025831.csv",
    "mtime": "2025-08-17 02:58:31",
    "size_kb": 0.5
  },
  {
    "path": "results\\full_throttle\\稳健性与检验报告_S档_20250817-025831.csv",
    "mtime": "2025-08-17 02:58:31",
    "size_kb": 0.3
  },
  {
    "path": "results\\full_throttle\\run_BTCUSDT_A3_1755370431.log",
    "mtime": "2025-08-17 02:57:44",
    "size_kb": 18.3
  },
  {
    "path": "results\\full_throttle\\PBO报告_S档_20250817-025743.html",
    "mtime": "2025-08-17 02:57:43",
    "size_kb": 12.0
  },
  {
    "path": "results\\full_throttle\\全量回测明细_S档_20250817-025743.csv",
    "mtime": "2025-08-17 02:57:43",
    "size_kb": 53.6
  },
  {
    "path": "results\\full_throttle\\参数寻优轨迹_S档_20250817-025743.csv",
    "mtime": "2025-08-17 02:57:43",
    "size_kb": 39.5
  },
  {
    "path": "results\\full_throttle\\最优组合总表_S档_20250817-025743.csv",
    "mtime": "2025-08-17 02:57:43",
    "size_kb": 0.5
  },
  {
    "path": "results\\full_throttle\\稳健性与检验报告_S档_20250817-025743.csv",
    "mtime": "2025-08-17 02:57:43",
    "size_kb": 0.3
  },
  {
    "path": "results\\full_throttle\\PBO报告_S档_20250817-025733.html",
    "mtime": "2025-08-17 02:57:35",
    "size_kb": 11.7
  },
  {
    "path": "results\\full_throttle\\run_BTCUSDT_A2_1755370431.log",
    "mtime": "2025-08-17 02:57:35",
    "size_kb": 18.2
  },
  {
    "path": "results\\full_throttle\\全量回测明细_S档_20250817-025733.csv",
    "mtime": "2025-08-17 02:57:33",
    "size_kb": 47.6
  },
  {
    "path": "results\\full_throttle\\参数寻优轨迹_S档_20250817-025733.csv",
    "mtime": "2025-08-17 02:57:33",
    "size_kb": 33.2
  },
  {
    "path": "results\\full_throttle\\最优组合总表_S档_20250817-025733.csv",
    "mtime": "2025-08-17 02:57:33",
    "size_kb": 0.5
  },
  {
    "path": "results\\full_throttle\\稳健性与检验报告_S档_20250817-025733.csv",
    "mtime": "2025-08-17 02:57:33",
    "size_kb": 0.2
  },
  {
    "path": "results\\full_throttle\\PBO报告_S档_20250817-025731.html",
    "mtime": "2025-08-17 02:57:32",
    "size_kb": 11.8
  },
  {
    "path": "results\\full_throttle\\run_BTCUSDT_A1_1755370431.log",
    "mtime": "2025-08-17 02:57:32",
    "size_kb": 18.2
  },
  {
    "path": "results\\full_throttle\\全量回测明细_S档_20250817-025731.csv",
    "mtime": "2025-08-17 02:57:31",
    "size_kb": 51.6
  },
  {
    "path": "results\\full_throttle\\参数寻优轨迹_S档_20250817-025731.csv",
    "mtime": "2025-08-17 02:57:31",
    "size_kb": 36.9
  },
  {
    "path": "results\\full_throttle\\最优组合总表_S档_20250817-025731.csv",
    "mtime": "2025-08-17 02:57:31",
    "size_kb": 0.5
  },
  {
    "path": "results\\full_throttle\\稳健性与检验报告_S档_20250817-025731.csv",
    "mtime": "2025-08-17 02:57:31",
    "size_kb": 0.3
  },
  {
    "path": "results\\full_throttle\\run_BTCUSDT_A5_1755369946.log",
    "mtime": "2025-08-17 02:53:09",
    "size_kb": 15.8
  },
  {
    "path": "tools\\run_all_in_one_full.py",
    "mtime": "2025-08-17 02:53:02",
    "size_kb": 14.4
  },
  {
    "path": "results\\full_throttle\\run_BTCUSDT_A4_1755369946.log",
    "mtime": "2025-08-17 02:50:19",
    "size_kb": 18.2
  },
  {
    "path": "results\\full_throttle\\PBO报告_S档_20250817-025018.html",
    "mtime": "2025-08-17 02:50:18",
    "size_kb": 11.7
  },
  {
    "path": "results\\full_throttle\\全量回测明细_S档_20250817-025018.csv",
    "mtime": "2025-08-17 02:50:18",
    "size_kb": 50.8
  },
  {
    "path": "results\\full_throttle\\参数寻优轨迹_S档_20250817-025018.csv",
    "mtime": "2025-08-17 02:50:18",
    "size_kb": 36.4
  },
  {
    "path": "results\\full_throttle\\最优组合总表_S档_20250817-025018.csv",
    "mtime": "2025-08-17 02:50:18",
    "size_kb": 0.5
  },
  {
    "path": "results\\full_throttle\\稳健性与检验报告_S档_20250817-025018.csv",
    "mtime": "2025-08-17 02:50:18",
    "size_kb": 0.3
  },
  {
    "path": "results\\full_throttle\\PBO报告_S档_20250817-024935.html",
    "mtime": "2025-08-17 02:49:36",
    "size_kb": 12.0
  },
  {
    "path": "results\\full_throttle\\run_BTCUSDT_A3_1755369946.log",
    "mtime": "2025-08-17 02:49:36",
    "size_kb": 18.3
  },
  {
    "path": "results\\full_throttle\\全量回测明细_S档_20250817-024935.csv",
    "mtime": "2025-08-17 02:49:35",
    "size_kb": 53.1
  },
  {
    "path": "results\\full_throttle\\参数寻优轨迹_S档_20250817-024935.csv",
    "mtime": "2025-08-17 02:49:35",
    "size_kb": 39.2
  },
  {
    "path": "results\\full_throttle\\最优组合总表_S档_20250817-024935.csv",
    "mtime": "2025-08-17 02:49:35",
    "size_kb": 0.5
  },
  {
    "path": "results\\full_throttle\\稳健性与检验报告_S档_20250817-024935.csv",
    "mtime": "2025-08-17 02:49:35",
    "size_kb": 0.3
  },
  {
    "path": "results\\full_throttle\\run_BTCUSDT_A1_1755369946.log",
    "mtime": "2025-08-17 02:49:27",
    "size_kb": 18.2
  },
  {
    "path": "results\\full_throttle\\PBO报告_S档_20250817-024925.html",
    "mtime": "2025-08-17 02:49:26",
    "size_kb": 12.0
  },
  {
    "path": "results\\full_throttle\\全量回测明细_S档_20250817-024925.csv",
    "mtime": "2025-08-17 02:49:25",
    "size_kb": 51.5
  },
  {
    "path": "results\\full_throttle\\参数寻优轨迹_S档_20250817-024925.csv",
    "mtime": "2025-08-17 02:49:25",
    "size_kb": 36.8
  },
  {
    "path": "results\\full_throttle\\最优组合总表_S档_20250817-024925.csv",
    "mtime": "2025-08-17 02:49:25",
    "size_kb": 0.5
  },
  {
    "path": "results\\full_throttle\\稳健性与检验报告_S档_20250817-024925.csv",
    "mtime": "2025-08-17 02:49:25",
    "size_kb": 0.3
  },
  {
    "path": "results\\full_throttle\\run_BTCUSDT_A2_1755369946.log",
    "mtime": "2025-08-17 02:49:24",
    "size_kb": 18.2
  },
  {
    "path": "results\\full_throttle\\PBO报告_S档_20250817-024923.html",
    "mtime": "2025-08-17 02:49:23",
    "size_kb": 11.7
  },
  {
    "path": "results\\full_throttle\\全量回测明细_S档_20250817-024923.csv",
    "mtime": "2025-08-17 02:49:23",
    "size_kb": 47.7
  },
  {
    "path": "results\\full_throttle\\参数寻优轨迹_S档_20250817-024923.csv",
    "mtime": "2025-08-17 02:49:23",
    "size_kb": 33.2
  },
  {
    "path": "results\\full_throttle\\最优组合总表_S档_20250817-024923.csv",
    "mtime": "2025-08-17 02:49:23",
    "size_kb": 0.5
  },
  {
    "path": "results\\full_throttle\\稳健性与检验报告_S档_20250817-024923.csv",
    "mtime": "2025-08-17 02:49:23",
    "size_kb": 0.2
  },
  {
    "path": "run_full_throttle.bat",
    "mtime": "2025-08-17 02:45:36",
    "size_kb": 0.3
  },
  {
    "path": "results\\parallel_run\\run_BTCUSDT_A1_1755369595.log",
    "mtime": "2025-08-17 02:41:56",
    "size_kb": 13.0
  },
  {
    "path": "results\\parallel_run\\run_BTCUSDT_A2_1755369595.log",
    "mtime": "2025-08-17 02:41:56",
    "size_kb": 13.1
  },
  {
    "path": "results\\parallel_run\\run_BTCUSDT_A3_1755369595.log",
    "mtime": "2025-08-17 02:41:56",
    "size_kb": 13.1
  },
  {
    "path": "results\\parallel_run\\run_BTCUSDT_A4_1755369716.log",
    "mtime": "2025-08-17 02:41:56",
    "size_kb": 0.0
  },
  {
    "path": "results\\parallel_run\\run_BTCUSDT_A4_1755369456.log",
    "mtime": "2025-08-17 02:39:58",
    "size_kb": 13.0
  },
  {
    "path": "run_all_in_one.bat",
    "mtime": "2025-08-17 02:39:49",
    "size_kb": 0.2
  },
  {
    "path": "tools\\run_all_in_one.py",
    "mtime": "2025-08-17 02:39:05",
    "size_kb": 8.3
  },
  {
    "path": "results\\parallel_run\\run_BTCUSDT_A3_1755369252.log",
    "mtime": "2025-08-17 02:37:42",
    "size_kb": 18.3
  },
  {
    "path": "results\\parallel_run\\PBO报告_S档_20250817-023740.html",
    "mtime": "2025-08-17 02:37:41",
    "size_kb": 12.0
  },
  {
    "path": "results\\parallel_run\\全量回测明细_S档_20250817-023740.csv",
    "mtime": "2025-08-17 02:37:40",
    "size_kb": 53.5
  },
  {
    "path": "results\\parallel_run\\参数寻优轨迹_S档_20250817-023740.csv",
    "mtime": "2025-08-17 02:37:40",
    "size_kb": 39.5
  },
  {
    "path": "results\\parallel_run\\最优组合总表_S档_20250817-023740.csv",
    "mtime": "2025-08-17 02:37:40",
    "size_kb": 0.5
  },
  {
    "path": "results\\parallel_run\\稳健性与检验报告_S档_20250817-023740.csv",
    "mtime": "2025-08-17 02:37:40",
    "size_kb": 0.3
  },
  {
    "path": "results\\parallel_run\\PBO报告_S档_20250817-023736.html",
    "mtime": "2025-08-17 02:37:37",
    "size_kb": 11.7
  },
  {
    "path": "results\\parallel_run\\run_BTCUSDT_A2_1755369252.log",
    "mtime": "2025-08-17 02:37:37",
    "size_kb": 18.2
  },
  {
    "path": "results\\parallel_run\\PBO报告_S档_20250817-023735.html",
    "mtime": "2025-08-17 02:37:36",
    "size_kb": 11.8
  },
  {
    "path": "results\\parallel_run\\run_BTCUSDT_A1_1755369252.log",
    "mtime": "2025-08-17 02:37:36",
    "size_kb": 18.2
  },
  {
    "path": "results\\parallel_run\\全量回测明细_S档_20250817-023736.csv",
    "mtime": "2025-08-17 02:37:36",
    "size_kb": 47.7
  },
  {
    "path": "results\\parallel_run\\参数寻优轨迹_S档_20250817-023736.csv",
    "mtime": "2025-08-17 02:37:36",
    "size_kb": 33.1
  },
  {
    "path": "results\\parallel_run\\最优组合总表_S档_20250817-023736.csv",
    "mtime": "2025-08-17 02:37:36",
    "size_kb": 0.5
  },
  {
    "path": "results\\parallel_run\\稳健性与检验报告_S档_20250817-023736.csv",
    "mtime": "2025-08-17 02:37:36",
    "size_kb": 0.2
  },
  {
    "path": "results\\parallel_run\\全量回测明细_S档_20250817-023735.csv",
    "mtime": "2025-08-17 02:37:35",
    "size_kb": 51.5
  },
  {
    "path": "results\\parallel_run\\参数寻优轨迹_S档_20250817-023735.csv",
    "mtime": "2025-08-17 02:37:35",
    "size_kb": 36.7
  },
  {
    "path": "results\\parallel_run\\最优组合总表_S档_20250817-023735.csv",
    "mtime": "2025-08-17 02:37:35",
    "size_kb": 0.5
  },
  {
    "path": "results\\parallel_run\\稳健性与检验报告_S档_20250817-023735.csv",
    "mtime": "2025-08-17 02:37:35",
    "size_kb": 0.3
  },
  {
    "path": "results\\demo_run\\PBO报告_S档_20250817-023651.html",
    "mtime": "2025-08-17 02:36:52",
    "size_kb": 11.7
  },
  {
    "path": "results\\demo_run\\全量回测明细_S档_20250817-023651.csv",
    "mtime": "2025-08-17 02:36:51",
    "size_kb": 419.6
  },
  {
    "path": "results\\demo_run\\参数寻优轨迹_S档_20250817-023651.csv",
    "mtime": "2025-08-17 02:36:51",
    "size_kb": 309.1
  },
  {
    "path": "results\\demo_run\\最优组合总表_S档_20250817-023651.csv",
    "mtime": "2025-08-17 02:36:51",
    "size_kb": 0.5
  },
  {
    "path": "results\\demo_run\\稳健性与检验报告_S档_20250817-023651.csv",
    "mtime": "2025-08-17 02:36:51",
    "size_kb": 0.3
  },
  {
    "path": "results\\full_run\\PBO报告_S档_20250817-023038.html",
    "mtime": "2025-08-17 02:30:39",
    "size_kb": 12.0
  },
  {
    "path": "results\\full_run\\全量回测明细_S档_20250817-023038.csv",
    "mtime": "2025-08-17 02:30:38",
    "size_kb": 51.4
  },
  {
    "path": "results\\full_run\\参数寻优轨迹_S档_20250817-023038.csv",
    "mtime": "2025-08-17 02:30:38",
    "size_kb": 36.8
  },
  {
    "path": "results\\full_run\\最优组合总表_S档_20250817-023038.csv",
    "mtime": "2025-08-17 02:30:38",
    "size_kb": 0.5
  },
  {
    "path": "results\\full_run\\稳健性与检验报告_S档_20250817-023038.csv",
    "mtime": "2025-08-17 02:30:38",
    "size_kb": 0.3
  },
  {
    "path": "results\\full_run\\PBO报告_S档_20250817-023036.html",
    "mtime": "2025-08-17 02:30:37",
    "size_kb": 11.7
  },
  {
    "path": "results\\full_run\\PBO报告_S档_20250817-023034.html",
    "mtime": "2025-08-17 02:30:36",
    "size_kb": 12.0
  },
  {
    "path": "results\\full_run\\全量回测明细_S档_20250817-023036.csv",
    "mtime": "2025-08-17 02:30:36",
    "size_kb": 47.7
  },
  {
    "path": "results\\full_run\\参数寻优轨迹_S档_20250817-023036.csv",
    "mtime": "2025-08-17 02:30:36",
    "size_kb": 33.2
  },
  {
    "path": "results\\full_run\\最优组合总表_S档_20250817-023036.csv",
    "mtime": "2025-08-17 02:30:36",
    "size_kb": 0.5
  },
  {
    "path": "results\\full_run\\稳健性与检验报告_S档_20250817-023036.csv",
    "mtime": "2025-08-17 02:30:36",
    "size_kb": 0.2
  },
  {
    "path": "results\\full_run\\全量回测明细_S档_20250817-023034.csv",
    "mtime": "2025-08-17 02:30:34",
    "size_kb": 52.5
  },
  {
    "path": "results\\full_run\\参数寻优轨迹_S档_20250817-023034.csv",
    "mtime": "2025-08-17 02:30:34",
    "size_kb": 38.8
  },
  {
    "path": "results\\full_run\\最优组合总表_S档_20250817-023034.csv",
    "mtime": "2025-08-17 02:30:34",
    "size_kb": 0.5
  },
  {
    "path": "results\\full_run\\稳健性与检验报告_S档_20250817-023034.csv",
    "mtime": "2025-08-17 02:30:34",
    "size_kb": 0.3
  },
  {
    "path": "run_all_strategies.bat",
    "mtime": "2025-08-17 02:27:56",
    "size_kb": 1.7
  },
  {
    "path": "backtest\\backtest_pro.py",
    "mtime": "2025-08-17 02:25:55",
    "size_kb": 15.5
  },
  {
    "path": "results\\parallel_run\\run_BTCUSDT_A8_1755368173.log",
    "mtime": "2025-08-17 02:16:19",
    "size_kb": 0.9
  }
]