{
  "created_at": "2025-08-17T13:21:40Z",
  "optimizer": "D:\\quant_system_pro (3)\\quant_system_pro\\optimizer\\a1a8_optimizer_and_deploy.py",
  "db": "D:\\quant_system_v2\\data\\market_data.db",
  "symbols_file": "D:\\quant_system_pro (3)\\quant_system_pro\\BTCUSDT",
  "timeframes": [
    "30m"
  ],
  "days": 30,
  "min_trades": null,
  "max_dd": null,
  "sgrade": true,
  "fee_bps": 5,
  "slip_bps": 2,
  "exec_lag": 1,
  "no_intrabar": true,
  "score_def": "CAGR*(1-MaxDD)^2/(1+0.5*Turnover)",
  "json_path": "D:\\quant_system_pro (3)\\quant_system_pro\\deploy\\live_best_params.json",
  "db_fingerprint": [
    {
      "table": "1000000BOBUSDT_15m",
      "rows": 7263,
      "min_ts": 1,
      "max_ts": 1755436500000
    },
    {
      "table": "1000000BOBUSDT_1d",
      "rows": 74,
      "min_ts": 1749081600000,
      "max_ts": 1755388800000
    },
    {
      "table": "1000000BOBUSDT_1h",
      "rows": 1818,
      "min_ts": 1,
      "max_ts": 1755435600000
    },
    {
      "table": "1000000BOBUSDT_2h",
      "rows": 910,
      "min_ts": 1,
      "max_ts": 1755432000000
    },
    {
      "table": "1000000BOBUSDT_30m",
      "rows": 3632,
      "min_ts": 1,
      "max_ts": 1755435600000
    },
    {
      "table": "1000000BOBUSDT_4h",
      "rows": 456,
      "min_ts": 1,
      "max_ts": 1755432000000
    },
    {
      "table": "1000000BOBUSDT_5m",
      "rows": 21782,
      "min_ts": 1,
      "max_ts": 1755436500000
    },
    {
      "table": "1000000MOGUSDT_15m",
      "rows": 27407,
      "min_ts": 1,
      "max_ts": 1755436500000
    }
  ]
}