Symbol,时间周期,策略,参数JSON,总收益(%),年化(%),夏普比,胜率(%),交易次数,最大回撤(%),手续费滑点成本(%),资金费率影响(%),冲击成本(%)
BTCUSDT,5m,A2,"{""fast"": 12, ""slow"": 64}",-32.97506476811816,-12.656821572047772,-0.3880005056395021,47.96469215056901,285,36.023007057321934,22.799999999999997,0.0,1.1389291006840805
BTCUSDT,5m,A2,"{""fast"": 12, ""slow"": 50}",-41.09159604631121,-16.38803183757791,-0.5106996981640819,47.505438723712835,343,42.310240816990365,27.439999999999998,0.0,1.371118513125826
BTCUSDT,5m,A2,"{""fast"": 8, ""slow"": 44}",-49.71229776820291,-20.74489756673866,-0.6693124141508398,46.90310414853496,420,51.0096356849806,33.599999999999994,0.0,1.6793699744709025
BTCUSDT,5m,A2,"{""fast"": 10, ""slow"": 52}",-46.4759181225857,-19.05521938858694,-0.6039628223581034,47.13052310817674,360,47.29824931907503,28.799999999999997,0.0,1.4391740305656484
BTCUSDT,5m,A2,"{""fast"": 8, ""slow"": 56}",-50.00550541269242,-20.901495075615895,-0.6739470424527909,47.07803992740472,381,50.75744819218515,30.479999999999997,0.0,1.5232426109324875
BTCUSDT,5m,A2,"{""fast"": 10, ""slow"": 62}",-39.32045411996343,-15.546098052337264,-0.4851058853661513,47.54324756505306,327,41.75822345028887,26.16,0.0,1.3070662614177584
BTCUSDT,5m,A2,"{""fast"": 16, ""slow"": 60}",-33.54558341260186,-12.90899193356918,-0.395682845555871,48.06133625410734,278,36.73565379159026,22.24,0.0,1.1109062405618009
BTCUSDT,5m,A2,"{""fast"": 14, ""slow"": 42}",-40.60594715358431,-16.155524316472857,-0.5064566924185915,47.50733137829912,356,42.11223766168065,28.48,0.0,1.4231609676386312
BTCUSDT,5m,A2,"{""fast"": 14, ""slow"": 62}",-33.10824666579649,-12.715560754171873,-0.3895676906958295,48.10487110202293,277,36.89427636857205,22.16,0.0,1.1069029748300467
BTCUSDT,5m,A2,"{""fast"": 12, ""slow"": 50}",-41.09159604631121,-16.38803183757791,-0.5106996981640819,47.505438723712835,343,42.310240816990365,27.439999999999998,0.0,1.371118513125826
BTCUSDT,5m,A2,"{""fast"": 8, ""slow"": 42}",-49.321715744442464,-20.53722972320642,-0.6618852054994933,46.93360364926507,427,50.60696594850158,34.16,0.0,1.7073928345931824
BTCUSDT,5m,A2,"{""fast"": 12, ""slow"": 64}",-32.97506476811816,-12.656821572047772,-0.3880005056395021,47.96469215056901,285,36.023007057321934,22.799999999999997,0.0,1.1389291006840805
BTCUSDT,5m,A2,"{""fast"": 14, ""slow"": 48}",-39.47913767733095,-15.62086159093573,-0.4850008352633701,47.57606638520891,334,40.876806360508446,26.72,0.0,1.335089121540038
BTCUSDT,5m,A2,"{""fast"": 12, ""slow"": 42}",-41.61180778660077,-16.638498008616487,-0.5242304357750663,47.39880169516294,368,43.12166257032142,29.439999999999998,0.0,1.4712001564196822
BTCUSDT,5m,A2,"{""fast"": 16, ""slow"": 46}",-40.87474002129703,-16.284054480230026,-0.5105949490510958,47.577867350677906,329,42.05588475458837,26.32,0.0,1.315072792881267
BTCUSDT,5m,A2,"{""fast"": 16, ""slow"": 66}",-30.939305147009065,-11.768419951793929,-0.3583309972215246,48.31846761222401,257,34.191365179232406,20.56,0.0,1.0268376601949618
BTCUSDT,5m,A2,"{""fast"": 14, ""slow"": 66}",-34.70137943665402,-13.424281545822714,-0.41296706971660707,48.096557759626606,269,37.41192164350324,21.519999999999996,0.0,1.0748768489760128
BTCUSDT,5m,A2,"{""fast"": 8, ""slow"": 50}",-48.94171867522705,-20.336203831608866,-0.6539978398042151,46.95029303234209,394,50.32928181140517,31.52,0.0,1.5752850654452926
BTCUSDT,5m,A2,"{""fast"": 14, ""slow"": 48}",-39.47913767733095,-15.62086159093573,-0.4850008352633701,47.57606638520891,334,40.876806360508446,26.72,0.0,1.335089121540038
BTCUSDT,5m,A2,"{""fast"": 14, ""slow"": 54}",-37.267765879090376,-14.590431945586124,-0.451025108252824,47.764124191085585,309,38.78828212808158,24.72,0.0,1.2350074782461824
BTCUSDT,5m,A2,"{""fast"": 10, ""slow"": 70}",-39.3101660279254,-15.54125530046414,-0.4864355787165327,47.719680464778506,309,41.03747583446465,24.72,0.0,1.2350074782461822
BTCUSDT,5m,A2,"{""fast"": 16, ""slow"": 68}",-32.31775828391583,-12.368045697318964,-0.3785738739859079,48.250473830004374,254,35.28616930732124,20.32,0.0,1.0148278629996994
BTCUSDT,5m,A2,"{""fast"": 16, ""slow"": 70}",-30.383412179616442,-11.528848247511526,-0.3499184220758733,48.340852859845725,248,33.64490208286048,19.84,0.0,0.9908082686091738
BTCUSDT,5m,A2,"{""fast"": 16, ""slow"": 70}",-30.383412179616442,-11.528848247511526,-0.3499184220758733,48.340852859845725,248,33.64490208286048,19.84,0.0,0.9908082686091738
BTCUSDT,5m,A2,"{""fast"": 16, ""slow"": 70}",-30.383412179616442,-11.528848247511526,-0.3499184220758733,48.340852859845725,248,33.64490208286048,19.84,0.0,0.9908082686091738
BTCUSDT,5m,A2,"{""fast"": 11, ""slow"": 51}",-44.13140723911479,-17.872978091840874,-0.5620111535657506,47.29485043818353,353,45.056336848834555,28.24,0.0,1.4111511704433688
BTCUSDT,5m,A2,"{""fast"": 11, ""slow"": 64}",-35.718752531861334,-13.882876526255982,-0.43016837161113736,47.81942823803968,294,38.298864733416195,23.52,0.0,1.1749584922698688
BTCUSDT,5m,A2,"{""fast"": 16, ""slow"": 66}",-30.939305147009065,-11.768419951793929,-0.3583309972215246,48.31846761222401,257,34.191365179232406,20.56,0.0,1.0268376601949618
BTCUSDT,5m,A2,"{""fast"": 13, ""slow"": 73}",-32.57890265387101,-12.48255165046206,-0.38161640945863345,48.15649770925751,259,34.84054180958258,20.72,0.0,1.0348441916584705
BTCUSDT,5m,A2,"{""fast"": 14, ""slow"": 75}",-31.561646654160057,-12.038147782546304,-0.3672593951671501,48.209746532064784,250,34.724472029647515,20.0,0.0,0.9988148000726824
BTCUSDT,5m,A2,"{""fast"": 18, ""slow"": 57}",-34.281295527443056,-13.236302124441778,-0.404524096733277,48.11685000364246,289,36.971716497165296,23.119999999999997,0.0,1.1549421636110975
BTCUSDT,5m,A2,"{""fast"": 13, ""slow"": 58}",-35.99176519558299,-14.006757237820366,-0.43184076887248607,47.82355085672621,307,37.936003118789785,24.56,0.0,1.2270009467826737
BTCUSDT,5m,A2,"{""fast"": 16, ""slow"": 67}",-32.53197739014622,-12.461954368996931,-0.38140921826801083,48.258742790392056,254,35.094013202295905,20.32,0.0,1.0148278629996992
BTCUSDT,5m,A2,"{""fast"": 13, ""slow"": 55}",-38.50553596437809,-15.16417504990989,-0.4711631081027109,47.645046225522314,316,40.07286803289178,25.279999999999998,0.0,1.263030338368462
BTCUSDT,5m,A2,"{""fast"": 12, ""slow"": 66}",-34.648710941661996,-13.400669616390658,-0.4125274720743935,47.90877295249199,282,37.16844645851357,22.559999999999995,0.0,1.1269193034888179
BTCUSDT,5m,A2,"{""fast"": 16, ""slow"": 67}",-32.53197739014622,-12.461954368996931,-0.38140921826801083,48.258742790392056,254,35.094013202295905,20.32,0.0,1.0148278629996992
BTCUSDT,5m,A2,"{""fast"": 12, ""slow"": 62}",-32.967619635675995,-12.653540215694703,-0.38819541267544916,48.01839281804248,290,36.607186897934916,23.2,0.0,1.1589454293428516
BTCUSDT,5m,A2,"{""fast"": 17, ""slow"": 54}",-35.58942543820003,-13.824315296338508,-0.4253095640108139,48.00991398162998,299,37.66172093900205,23.919999999999998,0.0,1.19497482092864
BTCUSDT,5m,A2,"{""fast"": 12, ""slow"": 60}",-35.39409672070357,-13.736014883176217,-0.4238094750098148,47.89193912473604,303,38.83245510493961,24.24,0.0,1.210987883855657
BTCUSDT,5m,A2,"{""fast"": 17, ""slow"": 68}",-31.059129993426627,-11.820227595241327,-0.36021894883445715,48.24990865911582,252,33.301277416827965,20.159999999999997,0.0,1.0068213315361907
BTCUSDT,5m,A2,"{""fast"": 13, ""slow"": 56}",-39.110826544662125,-15.447530409595533,-0.48119270172009326,47.61176641910587,316,40.666249303507726,25.279999999999998,0.0,1.263030338368462
BTCUSDT,5m,A2,"{""fast"": 11, ""slow"": 50}",-44.21640787101179,-17.915260878623695,-0.5644901606727474,47.25203016241299,351,45.20576023954121,28.08,0.0,1.4031446389798603
BTCUSDT,5m,A2,"{""fast"": 13, ""slow"": 58}",-35.99176519558299,-14.006757237820366,-0.43184076887248607,47.82355085672621,307,37.936003118789785,24.56,0.0,1.2270009467826737
BTCUSDT,5m,A2,"{""fast"": 10, ""slow"": 62}",-39.32045411996343,-15.546098052337264,-0.4851058853661513,47.54324756505306,327,41.75822345028887,26.16,0.0,1.3070662614177584
BTCUSDT,5m,A2,"{""fast"": 16, ""slow"": 65}",-31.614796970132176,-12.061258671054375,-0.3680120026897704,48.256451494992326,263,34.704337802099715,21.04,0.0,1.0508572545854873
BTCUSDT,15m,A2,"{""fast"": 12, ""slow"": 64}",-7.475566231771702,-7.582105927938265,-0.12303382860180345,47.482169872487574,94,13.047867665021595,7.519999999999999,0.0,0.21740620879474012
BTCUSDT,15m,A2,"{""fast"": 12, ""slow"": 50}",-7.037598950946212,-7.1381404601662535,-0.11185192971028539,47.54239107104529,114,14.265195865727886,9.12,0.0,0.263910210675968
BTCUSDT,15m,A2,"{""fast"": 8, ""slow"": 44}",-9.898309482862267,-10.037462901851423,-0.16540694551499177,47.02355460385439,141,17.705304266486642,11.279999999999998,0.0,0.3266906132156256
BTCUSDT,15m,A2,"{""fast"": 10, ""slow"": 52}",-12.673327937000122,-12.848632866002042,-0.22058393487973205,47.073954983922825,120,18.826660296354657,9.6,0.0,0.27786141124033636
BTCUSDT,15m,A2,"{""fast"": 8, ""slow"": 56}",-14.557293913682113,-14.75638985842469,-0.25844688714469644,46.918319471102585,123,19.46213056938946,9.839999999999998,0.0,0.28483701152252044
BTCUSDT,15m,A2,"{""fast"": 10, ""slow"": 62}",-8.64737032481112,-8.769804855078156,-0.14355651592045107,47.43423889607589,102,13.96487257396294,8.159999999999998,0.0,0.23600780954723125
BTCUSDT,15m,A2,"{""fast"": 16, ""slow"": 60}",-5.295733259549673,-5.372113434725534,-0.08281808535126617,47.6118106817195,88,12.357556577060047,7.039999999999999,0.0,0.20345500823037174
BTCUSDT,15m,A2,"{""fast"": 14, ""slow"": 42}",-8.12656993615455,-8.241967834334796,-0.13285370407409802,47.58605758822256,125,14.176025091789967,10.0,0.0,0.2894874117106433
BTCUSDT,15m,A2,"{""fast"": 14, ""slow"": 62}",-2.6021866585998588,-2.6402593966629806,-0.03363560548364684,47.67567567567568,88,10.922855714769131,7.039999999999999,0.0,0.20345500823037177
BTCUSDT,15m,A2,"{""fast"": 12, ""slow"": 50}",-7.037598950946212,-7.1381404601662535,-0.11185192971028539,47.54239107104529,114,14.265195865727886,9.12,0.0,0.263910210675968
BTCUSDT,15m,A2,"{""fast"": 8, ""slow"": 42}",-8.72798939306304,-8.85150920086577,-0.14331155513148233,47.099122243630916,145,16.57179066316402,11.6,0.0,0.3359914135918711
BTCUSDT,15m,A2,"{""fast"": 12, ""slow"": 64}",-7.475566231771702,-7.582105927938265,-0.12303382860180345,47.482169872487574,94,13.047867665021595,7.519999999999999,0.0,0.21740620879474012
BTCUSDT,15m,A2,"{""fast"": 14, ""slow"": 48}",-6.87477547341574,-6.973079114692393,-0.11088505637653862,47.611843527123405,111,12.744792001274263,8.879999999999999,0.0,0.2569346103937838
BTCUSDT,15m,A2,"{""fast"": 12, ""slow"": 42}",-7.35142775972456,-7.456270473923432,-0.11716560353280296,47.7351164797239,126,15.189750471679542,10.079999999999998,0.0,0.29181261180470464
BTCUSDT,15m,A2,"{""fast"": 16, ""slow"": 46}",-7.6559530709439105,-7.76495420543486,-0.1257231239398535,47.35364009505293,114,13.698632743542372,9.12,0.0,0.263910210675968
BTCUSDT,15m,A2,"{""fast"": 16, ""slow"": 66}",-3.3561245036190845,-3.405033952111247,-0.04741557544684317,47.64171354392038,81,12.33483157169728,6.4799999999999995,0.0,0.18717860757194202
BTCUSDT,15m,A2,"{""fast"": 14, ""slow"": 66}",-5.007093690598086,-5.079423397110827,-0.07678159142844301,47.656081227046876,85,13.524564955884,6.799999999999999,0.0,0.19647940794818758
BTCUSDT,15m,A2,"{""fast"": 8, ""slow"": 50}",-12.501367329492908,-12.674470114984103,-0.216762052813418,46.89773213521609,132,18.710183152796834,10.559999999999999,0.0,0.305763812369073
BTCUSDT,15m,A2,"{""fast"": 14, ""slow"": 48}",-6.87477547341574,-6.973079114692393,-0.11088505637653862,47.611843527123405,111,12.744792001274263,8.879999999999999,0.0,0.2569346103937838
BTCUSDT,15m,A2,"{""fast"": 14, ""slow"": 54}",-8.840978305051506,-8.966017345526446,-0.14685870888203803,47.47148698084786,107,14.159244993754882,8.559999999999999,0.0,0.2476338100175382
BTCUSDT,15m,A2,"{""fast"": 16, ""slow"": 68}",-2.4099715534405597,-2.445267420843311,-0.03038299239581089,47.79316313284293,78,11.809136925028485,6.239999999999999,0.0,0.18020300728975788
BTCUSDT,15m,A2,"{""fast"": 16, ""slow"": 70}",-1.2311435928021308,-1.2492851513603576,-0.009367925575274492,47.8448275862069,77,12.668980330423608,6.159999999999999,0.0,0.17787780719569646
BTCUSDT,15m,A2,"{""fast"": 16, ""slow"": 70}",-1.2311435928021308,-1.2492851513603576,-0.009367925575274492,47.8448275862069,77,12.668980330423608,6.159999999999999,0.0,0.17787780719569646
BTCUSDT,15m,A2,"{""fast"": 16, ""slow"": 70}",-1.2311435928021308,-1.2492851513603576,-0.009367925575274492,47.8448275862069,77,12.668980330423608,6.159999999999999,0.0,0.17787780719569646
BTCUSDT,15m,A2,"{""fast"": 16, ""slow"": 70}",-1.2311435928021308,-1.2492851513603576,-0.009367925575274492,47.8448275862069,77,12.668980330423608,6.159999999999999,0.0,0.17787780719569646
BTCUSDT,15m,A2,"{""fast"": 16, ""slow"": 79}",1.2303416085921448,1.2486992241390604,0.03342583815636924,48.069872762562,71,13.708055608897862,5.68,0.0,0.16392660663132813
BTCUSDT,15m,A2,"{""fast"": 12, ""slow"": 65}",-8.286648620404879,-8.404214106495346,-0.1384426336606537,47.43202416918429,93,13.60762052766249,7.4399999999999995,0.0,0.21508100870067876
BTCUSDT,15m,A2,"{""fast"": 15, ""slow"": 72}",-1.321866132367,-1.3413354363677965,-0.010773720754632246,47.65405405405405,78,13.573740726135398,6.239999999999999,0.0,0.18020300728975788
BTCUSDT,15m,A2,"{""fast"": 14, ""slow"": 74}",-2.7715674640263366,-2.812082463565335,-0.03621958039635975,47.75377969762419,78,13.905341620014456,6.239999999999999,0.0,0.18020300728975788
BTCUSDT,15m,A2,"{""fast"": 17, ""slow"": 71}",-3.582005442714331,-3.634144394753691,-0.05135125230759139,47.75086505190311,76,12.9187109420422,6.079999999999999,0.0,0.1755526071016351
BTCUSDT,15m,A2,"{""fast"": 16, ""slow"": 64}",-4.2596286850579705,-4.321408042636765,-0.06377790424512651,47.562296858071505,82,12.33486991969489,6.559999999999999,0.0,0.18950380766600344
BTCUSDT,15m,A2,"{""fast"": 13, ""slow"": 39}",-12.328166626559412,-12.499046257141778,-0.2112839657765118,47.2318339100346,137,20.135898413297326,10.959999999999999,0.0,0.31738981283938
BTCUSDT,15m,A2,"{""fast"": 17, ""slow"": 71}",-3.582005442714331,-3.634144394753691,-0.05135125230759139,47.75086505190311,76,12.9187109420422,6.079999999999999,0.0,0.1755526071016351
BTCUSDT,15m,A2,"{""fast"": 15, ""slow"": 69}",0.26710069101785194,0.27106676890265025,0.016823791725675434,47.91711633930499,77,11.637385253272303,6.159999999999999,0.0,0.17787780719569646
BTCUSDT,15m,A2,"{""fast"": 14, ""slow"": 45}",-4.125156327353052,-4.185028295023907,-0.06041498384080083,47.782825005407744,116,9.415757680837567,9.28,0.0,0.2685606108640907
BTCUSDT,15m,A2,"{""fast"": 15, ""slow"": 75}",-0.6993766712879657,-0.7097105218512367,7.3788479366113e-05,47.87970575508438,75,14.599727959019692,6.0,0.0,0.1732274070075737
BTCUSDT,15m,A2,"{""fast"": 16, ""slow"": 61}",-4.705223504587252,-4.773302969602966,-0.07242561433466274,47.61489871487694,84,12.441341803613891,6.72,0.0,0.1941542078541262
BTCUSDT,15m,A2,"{""fast"": 17, ""slow"": 66}",-4.721408966431362,-4.789716683118861,-0.07230066264015002,47.57260511486779,80,12.655455669581494,6.4,0.0,0.18485340747788062
BTCUSDT,15m,A2,"{""fast"": 13, ""slow"": 64}",-6.815782450508379,-6.913274227135535,-0.11021665602624016,47.44588744588745,90,12.181623135831021,7.199999999999999,0.0,0.20810540841849456
BTCUSDT,15m,A2,"{""fast"": 12, ""slow"": 67}",-8.694470797676502,-8.817539514868189,-0.14531942587155228,47.52368647717485,90,13.688906973997728,7.199999999999999,0.0,0.20810540841849456
BTCUSDT,15m,A2,"{""fast"": 15, ""slow"": 78}",2.4846081590526925,2.5219120296987363,0.054789640734799964,48.10181190681622,72,13.017871839120055,5.76,0.0,0.16625180672538953
BTCUSDT,15m,A2,"{""fast"": 16, ""slow"": 68}",-2.4099715534405597,-2.445267420843311,-0.03038299239581089,47.79316313284293,78,11.809136925028485,6.239999999999999,0.0,0.18020300728975788
BTCUSDT,15m,A2,"{""fast"": 18, ""slow"": 65}",-4.5411780239701045,-4.606941744548099,-0.06899906859123027,47.614917606244575,78,13.097000839210294,6.239999999999999,0.0,0.18020300728975788
BTCUSDT,15m,A2,"{""fast"": 16, ""slow"": 63}",-4.894144859721616,-4.96488596711534,-0.07535955750577024,47.55912345411152,84,12.34561050941153,6.72,0.0,0.1941542078541262
BTCUSDT,15m,A2,"{""fast"": 15, ""slow"": 62}",-3.0405981217575317,-3.084983083478543,-0.04174250366259929,47.64795144157815,86,12.274801728423457,6.88,0.0,0.198804608042249
BTCUSDT,30m,A2,"{""fast"": 12, ""slow"": 64}",1.6516674179024804,3.3808287407766757,0.057784644278383486,47.79792746113989,44,11.83184847552965,3.5199999999999996,0.0,0.07218659759014448
BTCUSDT,30m,A2,"{""fast"": 12, ""slow"": 50}",-3.558671485702458,-7.090598928106107,-0.0720823756262782,47.368421052631575,59,13.789810377875511,4.72,0.0,0.09597536270507845
BTCUSDT,30m,A2,"{""fast"": 8, ""slow"": 44}",2.476268892864164,5.09006616735177,0.07740719613940263,47.98814061838204,67,12.436462039773533,5.359999999999999,0.0,0.10910019863055925
BTCUSDT,30m,A2,"{""fast"": 10, ""slow"": 52}",-2.2674713539029723,-4.548477348883551,-0.03940936828431154,47.653583617747444,61,14.834126833833427,4.88,0.0,0.09925657168644865
BTCUSDT,30m,A2,"{""fast"": 8, ""slow"": 56}",1.9521000297626268,4.001920228950651,0.06497001479227588,47.822374039282664,59,12.519577768069867,4.72,0.0,0.09597536270507845
BTCUSDT,30m,A2,"{""fast"": 10, ""slow"": 62}",1.3516560698907165,2.7624913847890786,0.05042571239678064,47.52604166666667,47,12.985284111895702,3.7599999999999993,0.0,0.07710841106219977
BTCUSDT,30m,A2,"{""fast"": 16, ""slow"": 60}",-0.24253712539218375,-0.49165254125352886,0.01083085033892496,47.52900730554362,45,12.472277887252947,3.5999999999999996,0.0,0.07382720208082957
BTCUSDT,30m,A2,"{""fast"": 14, ""slow"": 42}",-8.707750616496146,-16.882130879197543,-0.20886693180335994,47.459779847586795,62,14.651621246522096,4.96,0.0,0.10089717617713376
BTCUSDT,30m,A2,"{""fast"": 14, ""slow"": 62}",2.856402480710196,5.882797286756047,0.08727652861861923,48.06368330464716,44,10.931645381647737,3.5199999999999996,0.0,0.07218659759014447
BTCUSDT,30m,A2,"{""fast"": 12, ""slow"": 50}",-3.558671485702458,-7.090598928106107,-0.0720823756262782,47.368421052631575,59,13.789810377875511,4.72,0.0,0.09597536270507845
BTCUSDT,30m,A2,"{""fast"": 8, ""slow"": 42}",2.331375966112237,4.788701750981561,0.07418987071501094,48.02379940501487,69,11.741637548995032,5.52,0.0,0.11238140761192947
BTCUSDT,30m,A2,"{""fast"": 12, ""slow"": 64}",1.6516674179024804,3.3808287407766757,0.057784644278383486,47.79792746113989,44,11.83184847552965,3.5199999999999996,0.0,0.07218659759014448
BTCUSDT,30m,A2,"{""fast"": 14, ""slow"": 48}",-1.8693956922641752,-3.757722615912018,-0.029299241541880894,47.51683501683502,61,12.621329958133742,4.88,0.0,0.09925657168644865
BTCUSDT,30m,A2,"{""fast"": 12, ""slow"": 42}",-7.956121987368048,-15.487293502233712,-0.18775045026459058,47.493627867459644,64,15.564228666837499,5.119999999999999,0.0,0.10417838515850394
BTCUSDT,30m,A2,"{""fast"": 16, ""slow"": 46}",-0.3991011412705747,-0.8083741515260368,0.007486569846452038,47.9746835443038,57,11.926476218230441,4.56,0.0,0.09269415372370822
BTCUSDT,30m,A2,"{""fast"": 16, ""slow"": 66}",-1.5580689754180033,-3.1369832754278293,-0.021133768193634526,47.666378565254966,39,12.656824785046549,3.1199999999999997,0.0,0.06398357513671896
BTCUSDT,30m,A2,"{""fast"": 14, ""slow"": 66}",1.7325061669042796,3.547763021415018,0.05928490365199762,48.05867126833478,40,11.915442103504892,3.2,0.0,0.06562417962740406
BTCUSDT,30m,A2,"{""fast"": 8, ""slow"": 50}",1.0075145806602848,2.0555170533317124,0.04183047685267948,47.75928297055058,63,13.321626034825396,5.039999999999999,0.0,0.10253778066781885
BTCUSDT,30m,A2,"{""fast"": 14, ""slow"": 48}",-1.8693956922641752,-3.757722615912018,-0.029299241541880894,47.51683501683502,61,12.621329958133742,4.88,0.0,0.09925657168644865
BTCUSDT,30m,A2,"{""fast"": 14, ""slow"": 54}",-2.121736813674868,-4.25936797634614,-0.03672147957162226,47.20443875373453,55,11.75364594107795,4.3999999999999995,0.0,0.08941294474233803
BTCUSDT,30m,A2,"{""fast"": 10, ""slow"": 70}",0.41197645660364657,0.837944503647825,0.02732505975646223,47.83737024221453,42,12.169239318773673,3.36,0.0,0.06890538860877427
BTCUSDT,30m,A2,"{""fast"": 16, ""slow"": 58}",-1.4149502978885842,-2.850946552362954,-0.018867681809597466,47.36616702355461,46,12.94858684138277,3.6799999999999997,0.0,0.07464750432617212
BTCUSDT,30m,A2,"{""fast"": 10, ""slow"": 70}",0.41197645660364657,0.837944503647825,0.02732505975646223,47.83737024221453,42,12.169239318773673,3.36,0.0,0.06890538860877427
BTCUSDT,30m,A2,"{""fast"": 14, ""slow"": 58}",3.339129268923613,6.8938324743963,0.09936733237826455,47.60878931495045,47,10.850668596222112,3.7599999999999993,0.0,0.07628810881685723
BTCUSDT,30m,A2,"{""fast"": 14, ""slow"": 60}",3.0431629946304106,6.273375127711933,0.09209378801367482,47.76055124892334,44,11.193280821192975,3.5199999999999996,0.0,0.07218659759014448
BTCUSDT,30m,A2,"{""fast"": 13, ""slow"": 59}",3.011572963577369,6.207258687175221,0.09152967201839973,47.68498485504111,46,10.98470897135828,3.6799999999999997,0.0,0.07546780657151468
BTCUSDT,30m,A2,"{""fast"": 15, ""slow"": 71}",0.4120454375182492,0.8380851052406824,0.027321596045560063,48.09358752166378,38,11.402306605417944,3.0399999999999996,0.0,0.06234297064603386
BTCUSDT,30m,A2,"{""fast"": 8, ""slow"": 46}",1.3700925955444587,2.800435654420008,0.0506525493882167,48.07121661721068,67,12.981648886925845,5.359999999999999,0.0,0.10910019863055925
BTCUSDT,30m,A2,"{""fast"": 13, ""slow"": 74}",-0.13099104813752982,-0.2656876167457467,0.014055297488843538,47.816688283614354,41,12.046943541841815,3.2799999999999994,0.0,0.06726478411808916
BTCUSDT,30m,A2,"{""fast"": 13, ""slow"": 54}",-3.39295177244342,-6.766276220807388,-0.06903175909617233,47.11661683041435,61,12.744353410767584,4.88,0.0,0.09925657168644865
BTCUSDT,30m,A2,"{""fast"": 12, ""slow"": 65}",2.653867538437815,5.460054480996357,0.0819646449467762,47.752808988764045,43,11.86729810896635,3.44,0.0,0.07054599309945937
BTCUSDT,30m,A2,"{""fast"": 9, ""slow"": 50}",1.7397813471907941,3.5627931742578944,0.0597787694665697,47.846481876332625,62,12.799337673263345,4.96,0.0,0.10089717617713376
BTCUSDT,30m,A2,"{""fast"": 12, ""slow"": 52}",-3.893942499493497,-7.744989751147536,-0.08112088114102854,47.11661683041435,60,13.607882057990262,4.8,0.0,0.09761596719576353
BTCUSDT,30m,A2,"{""fast"": 10, ""slow"": 68}",3.032267042292558,6.250568056731631,0.09118608978872675,47.682979644867906,45,12.062516436428094,3.5999999999999996,0.0,0.07382720208082957
BTCUSDT,30m,A2,"{""fast"": 16, ""slow"": 50}",-3.3497483585104293,-6.681630514576864,-0.06673998832004571,47.18487394957983,54,13.082026313489237,4.319999999999999,0.0,0.08777234025165294
BTCUSDT,30m,A2,"{""fast"": 9, ""slow"": 55}",0.6492249949544782,1.3221086845993213,0.03307313689728011,47.88008565310493,60,13.117782293610048,4.8,0.0,0.09761596719576354
BTCUSDT,30m,A2,"{""fast"": 13, ""slow"": 56}",0.41947717088945957,0.8532335523215417,0.027334954432953515,47.43202416918429,51,11.490136208873757,4.079999999999999,0.0,0.08285052677959763
BTCUSDT,30m,A2,"{""fast"": 7, ""slow"": 35}",-1.989450020986261,-3.9965522917911667,-0.03174707084525819,47.74659863945578,82,12.17760191114804,6.559999999999999,0.0,0.13370926599083577
BTCUSDT,30m,A2,"{""fast"": 11, ""slow"": 56}",-1.0458049770897038,-2.1111982376538108,-0.009334717745303062,47.543103448275865,55,13.09457401727151,4.3999999999999995,0.0,0.08941294474233803
BTCUSDT,30m,A2,"{""fast"": 10, ""slow"": 52}",-2.2674713539029723,-4.548477348883551,-0.03940936828431154,47.653583617747444,61,14.834126833833427,4.88,0.0,0.09925657168644865
BTCUSDT,30m,A2,"{""fast"": 8, ""slow"": 41}",0.6474628844605368,1.3185083266744169,0.033046915761989024,48.10557684120902,71,13.214434788788342,5.68,0.0,0.11566261659329967
BTCUSDT,30m,A2,"{""fast"": 11, ""slow"": 66}",1.3946657878292967,2.851020864480569,0.051409830216081774,47.559395248380135,45,13.25150392935065,3.5999999999999996,0.0,0.07382720208082957
BTCUSDT,30m,A2,"{""fast"": 8, ""slow"": 50}",1.0075145806602848,2.0555170533317124,0.04183047685267948,47.75928297055058,63,13.321626034825396,5.039999999999999,0.0,0.10253778066781885
BTCUSDT,30m,A2,"{""fast"": 14, ""slow"": 76}",-0.14824670600156464,-0.30066033710328677,0.013594285342744266,47.80172413793103,41,11.992577019978434,3.2799999999999994,0.0,0.06726478411808917
BTCUSDT,30m,A2,"{""fast"": 12, ""slow"": 72}",1.6337148390235479,3.343774704105207,0.056914097724169124,48.11606756171503,42,12.111355345573127,3.36,0.0,0.06890538860877427
BTCUSDT,1h,A2,"{""fast"": 12, ""slow"": 64}",-5.12984671272606,-19.25440671279367,-0.15960130568965433,47.16981132075472,26,16.897111013269473,2.08,0.0,0.030239853562735602
BTCUSDT,1h,A2,"{""fast"": 12, ""slow"": 50}",0.4847895707185579,1.983483278563547,0.0411353604975557,47.875108412836084,26,14.489878106056175,2.08,0.0,0.030239853562735605
BTCUSDT,1h,A2,"{""fast"": 8, ""slow"": 44}",-0.43308613210091274,-1.7472233021714745,0.009769453974991023,46.93877551020408,35,14.652141037639154,2.8,0.0,0.040707495180605624
BTCUSDT,1h,A2,"{""fast"": 10, ""slow"": 52}",-2.7023997742213535,-10.529387182777672,-0.07203234732823917,47.38219895287958,28,16.026527610146747,2.2399999999999998,0.0,0.032565996144484494
BTCUSDT,1h,A2,"{""fast"": 8, ""slow"": 56}",-2.4650583352815225,-9.639721159870051,-0.0634836440245097,47.78067885117493,27,16.732954687580282,2.1599999999999997,0.0,0.03140292485361005
BTCUSDT,1h,A2,"{""fast"": 10, ""slow"": 62}",-6.314116446137696,-23.270353625379492,-0.202133178546388,47.20068906115418,26,17.41120603739614,2.08,0.0,0.030239853562735605
BTCUSDT,1h,A2,"{""fast"": 16, ""slow"": 60}",-2.782377951577819,-10.827689966767906,-0.07342593499428429,48.13205907906168,20,12.365000974466211,1.6,0.0,0.023261425817488926
BTCUSDT,1h,A2,"{""fast"": 14, ""slow"": 42}",4.790653895747177,20.929946970454296,0.18420859166614856,47.67146486028789,28,14.261768829401012,2.2399999999999998,0.0,0.0325659961444845
BTCUSDT,1h,A2,"{""fast"": 14, ""slow"": 62}",-3.3663695869392662,-12.983203111795827,-0.095523739856239,47.49568221070812,26,13.761677720870747,2.08,0.0,0.030239853562735602
BTCUSDT,1h,A2,"{""fast"": 12, ""slow"": 50}",0.4847895707185579,1.983483278563547,0.0411353604975557,47.875108412836084,26,14.489878106056175,2.08,0.0,0.030239853562735605
BTCUSDT,1h,A2,"{""fast"": 8, ""slow"": 42}",-2.7339456282886476,-10.647136665962408,-0.07042613084872476,46.859083191850594,38,15.2491835701961,3.0399999999999996,0.0,0.04419670905322896
BTCUSDT,1h,A2,"{""fast"": 12, ""slow"": 64}",-5.12984671272606,-19.25440671279367,-0.15960130568965433,47.16981132075472,26,16.897111013269473,2.08,0.0,0.030239853562735602
BTCUSDT,1h,A2,"{""fast"": 14, ""slow"": 48}",3.0446986034826207,12.953510372066512,0.12637106232348616,47.95221843003413,24,14.140679788316179,1.92,0.0,0.027913710980986713
BTCUSDT,1h,A2,"{""fast"": 12, ""slow"": 42}",0.5224746980560413,2.1389017920172337,0.0424676433673807,46.97872340425532,31,14.94483580261592,2.48,0.0,0.03605521001710783
BTCUSDT,1h,A2,"{""fast"": 16, ""slow"": 46}",2.4103572946741147,10.156094662089977,0.1055542345033191,47.874149659863946,27,14.154191301237518,2.1599999999999997,0.0,0.03140292485361005
BTCUSDT,1h,A2,"{""fast"": 16, ""slow"": 66}",-3.238154142890204,-12.513362033388963,-0.0900134330363164,47.97936371453139,22,14.280376082340041,1.7599999999999998,0.0,0.025587568399237818
BTCUSDT,1h,A2,"{""fast"": 14, ""slow"": 66}",-5.445693716614808,-20.340598010106838,-0.17083149149542826,47.454702329594475,24,16.535841579154976,1.92,0.0,0.027913710980986713
BTCUSDT,1h,A2,"{""fast"": 8, ""slow"": 50}",-3.724904988242417,-14.286951456743658,-0.10862169183947613,47.130434782608695,31,15.356843261965636,2.48,0.0,0.03605521001710784
BTCUSDT,1h,A2,"{""fast"": 14, ""slow"": 48}",3.0446986034826207,12.953510372066512,0.12637106232348616,47.95221843003413,24,14.140679788316179,1.92,0.0,0.027913710980986713
BTCUSDT,1h,A2,"{""fast"": 14, ""slow"": 54}",-1.4445429265616871,-5.738143783196281,-0.026715183029830662,48.03493449781659,24,13.517671588623914,1.92,0.0,0.027913710980986713
BTCUSDT,1h,A2,"{""fast"": 14, ""slow"": 40}",3.1041615643509823,13.218456845082894,0.1290799897941443,47.2927241962775,30,14.121020396951723,2.4,0.0,0.034892138726233396
BTCUSDT,1h,A2,"{""fast"": 16, ""slow"": 40}",1.541244921220386,6.408526369587708,0.07679681954240762,47.262005054759896,32,15.461612348813624,2.5599999999999996,0.0,0.037218281307982284
BTCUSDT,1h,A2,"{""fast"": 14, ""slow"": 40}",3.1041615643509823,13.218456845082894,0.1290799897941443,47.2927241962775,30,14.121020396951723,2.4,0.0,0.034892138726233396
BTCUSDT,1h,A2,"{""fast"": 16, ""slow"": 44}",5.024805888296191,22.03110130631869,0.19057553947065142,48.10126582278481,27,13.001119419315522,2.1599999999999997,0.0,0.03140292485361005
BTCUSDT,1h,A2,"{""fast"": 16, ""slow"": 44}",5.024805888296191,22.03110130631869,0.19057553947065142,48.10126582278481,27,13.001119419315522,2.1599999999999997,0.0,0.03140292485361005
BTCUSDT,1h,A2,"{""fast"": 18, ""slow"": 42}",4.7709054908046555,20.837419215907204,0.1831152481582984,48.10126582278481,28,13.520200957105432,2.2399999999999998,0.0,0.0325659961444845
BTCUSDT,1h,A2,"{""fast"": 18, ""slow"": 42}",4.7709054908046555,20.837419215907204,0.1831152481582984,48.10126582278481,28,13.520200957105432,2.2399999999999998,0.0,0.0325659961444845
BTCUSDT,1h,A2,"{""fast"": 14, ""slow"": 48}",3.0446986034826207,12.953510372066512,0.12637106232348616,47.95221843003413,24,14.140679788316179,1.92,0.0,0.027913710980986713
BTCUSDT,1h,A2,"{""fast"": 16, ""slow"": 41}",2.806370010692172,11.896287672374385,0.11886957675045512,47.675401521555365,29,15.283236053365146,2.32,0.0,0.033729067435358945
BTCUSDT,1h,A2,"{""fast"": 14, ""slow"": 49}",3.5910203747206104,15.40539110296033,0.14562272296076062,48.02405498281787,26,13.490884295810513,2.08,0.0,0.030239853562735605
BTCUSDT,1h,A2,"{""fast"": 15, ""slow"": 47}",1.85904223016784,7.767521938791644,0.08720370752085212,48.08510638297872,25,13.29063231279557,1.9999999999999998,0.0,0.029076782271861158
BTCUSDT,1h,A2,"{""fast"": 16, ""slow"": 54}",-0.7542425633413563,-3.0279478150763595,-0.0015249052968941163,48.18339100346021,23,12.478893875985042,1.8399999999999999,0.0,0.026750639690112266
BTCUSDT,1h,A2,"{""fast"": 16, ""slow"": 45}",2.8358602113053966,12.026699810813813,0.11955685917757913,47.800338409475465,27,13.25463372940635,2.1599999999999997,0.0,0.03140292485361005
BTCUSDT,1h,A2,"{""fast"": 16, ""slow"": 43}",5.285512347816246,23.266008032538043,0.19951885964223928,47.87775891341256,27,13.914717783290364,2.1599999999999997,0.0,0.03140292485361005
BTCUSDT,1h,A2,"{""fast"": 13, ""slow"": 42}",2.2647965409748227,9.521614587345685,0.10132712413166838,47.52981260647359,30,13.580204482367309,2.4,0.0,0.03489213872623339
BTCUSDT,1h,A2,"{""fast"": 12, ""slow"": 36}",-4.622084709607577,-17.48486972949247,-0.13958563268300478,46.5531914893617,34,14.869887758767886,2.7199999999999998,0.0,0.03954442388973117
BTCUSDT,1h,A2,"{""fast"": 11, ""slow"": 42}",-4.056967203842565,-15.4812504668546,-0.11741558354152043,46.58703071672355,35,16.906477400008736,2.8,0.0,0.040707495180605624
BTCUSDT,1h,A2,"{""fast"": 13, ""slow"": 40}",-3.3937115054392564,-13.083150087371198,-0.09425062620783302,46.592844974446336,32,15.490072658413212,2.5599999999999996,0.0,0.037218281307982284
BTCUSDT,1h,A2,"{""fast"": 18, ""slow"": 43}",4.2966080672460105,18.631166897288875,0.1675435049304335,48.057432432432435,27,14.470073215374345,2.1599999999999997,0.0,0.03140292485361005
BTCUSDT,1h,A2,"{""fast"": 12, ""slow"": 44}",4.450747442747116,19.344805708892988,0.1736214755102507,47.73310521813516,29,13.93643489629347,2.32,0.0,0.033729067435358945
BTCUSDT,1h,A2,"{""fast"": 15, ""slow"": 38}",0.4216223503180183,1.7233730951484727,0.03909636822773889,47.04391891891892,31,13.717363888947109,2.48,0.0,0.03605521001710784
BTCUSDT,1h,A2,"{""fast"": 14, ""slow"": 41}",3.4539981723427093,14.78670616054254,0.14045411271810682,47.66751484308736,29,14.651347584655039,2.32,0.0,0.033729067435358945
BTCUSDT,1h,A2,"{""fast"": 15, ""slow"": 39}",-0.35688395369436465,-1.441477962383264,0.01263680028965938,47.2927241962775,30,15.166228194987086,2.4,0.0,0.034892138726233396
BTCUSDT,1h,A2,"{""fast"": 16, ""slow"": 39}",0.47304665597809326,1.9350903728329705,0.04085523573941364,47.47899159663865,32,14.670414390392338,2.5599999999999996,0.0,0.037218281307982284
BTCUSDT,1h,A2,"{""fast"": 12, ""slow"": 42}",0.5224746980560413,2.1389017920172337,0.0424676433673807,46.97872340425532,31,14.94483580261592,2.48,0.0,0.03605521001710783
BTCUSDT,2h,A2,"{""fast"": 12, ""slow"": 64}",-3.5433282332946736,-25.40983862653934,-0.1509242051204381,47.803163444639715,14,11.855521060210194,1.1199999999999999,0.0,0.011595263204524286
BTCUSDT,2h,A2,"{""fast"": 12, ""slow"": 50}",-5.267366450270661,-35.57831386544581,-0.2451374778501162,47.64397905759162,16,12.198317287319982,1.2799999999999998,0.0,0.013251729376599184
BTCUSDT,2h,A2,"{""fast"": 8, ""slow"": 44}",-12.876051029099001,-67.37517460497475,-0.6628144270004718,45.64102564102564,20,16.592815728718158,1.6,0.0,0.01656466172074898
BTCUSDT,2h,A2,"{""fast"": 10, ""slow"": 52}",-7.9773134482832635,-49.1133029654733,-0.39845785958019136,47.771836007130126,15,13.076338114169628,1.2,0.0,0.012423496290561734
BTCUSDT,2h,A2,"{""fast"": 8, ""slow"": 56}",-9.746118473061482,-56.53810032626559,-0.4981778604905038,46.81978798586572,21,15.918202259816628,1.68,0.0,0.01739289480678643
BTCUSDT,2h,A2,"{""fast"": 10, ""slow"": 62}",-5.952373476783346,-39.267621035044456,-0.28021426735301724,47.9020979020979,17,14.814364289769099,1.3599999999999999,0.0,0.01407996246263663
BTCUSDT,2h,A2,"{""fast"": 16, ""slow"": 60}",-0.6111858099802525,-4.85977508410389,0.0025200776497437093,49.03339191564148,14,9.813893428665189,1.1199999999999999,0.0,0.011595263204524286
BTCUSDT,2h,A2,"{""fast"": 14, ""slow"": 42}",-4.2219500729455355,-29.5689036124579,-0.1808476907349202,48.10344827586207,17,13.363705762017108,1.3599999999999999,0.0,0.01407996246263663
BTCUSDT,2h,A2,"{""fast"": 14, ""slow"": 62}",-4.071445301806397,-28.6644908635768,-0.17623322509098843,47.719298245614034,16,11.578991425901886,1.2799999999999998,0.0,0.013251729376599184
BTCUSDT,2h,A2,"{""fast"": 12, ""slow"": 50}",-5.267366450270661,-35.57831386544581,-0.2451374778501162,47.64397905759162,16,12.198317287319982,1.2799999999999998,0.0,0.013251729376599184
BTCUSDT,2h,A2,"{""fast"": 8, ""slow"": 42}",-12.540963136454142,-66.3414324794459,-0.6376593916155223,45.94594594594595,22,16.0819220614526,1.7599999999999998,0.0,0.018221127892823877
BTCUSDT,2h,A2,"{""fast"": 12, ""slow"": 64}",-3.5433282332946736,-25.40983862653934,-0.1509242051204381,47.803163444639715,14,11.855521060210194,1.1199999999999999,0.0,0.011595263204524286
BTCUSDT,2h,A2,"{""fast"": 14, ""slow"": 48}",-0.6676773099293154,-5.298321642229354,-0.00043095741130363507,48.53195164075993,15,11.702251120759033,1.2,0.0,0.012423496290561734
BTCUSDT,2h,A2,"{""fast"": 12, ""slow"": 42}",-3.2459341268574082,-23.520360817282338,-0.13165208487898303,48.12925170068027,19,11.095697046126961,1.5199999999999998,0.0,0.015736428634711527
BTCUSDT,2h,A2,"{""fast"": 16, ""slow"": 46}",-2.866918116345585,-21.05155230574961,-0.1114107241508884,48.63945578231292,17,13.0639684175076,1.3599999999999999,0.0,0.01407996246263663
BTCUSDT,2h,A2,"{""fast"": 16, ""slow"": 66}",-0.7915831526493555,-6.254006282251301,-0.008019627887071319,49.11660777385159,13,9.592786121129981,1.04,0.0,0.010767030118486835
BTCUSDT,2h,A2,"{""fast"": 14, ""slow"": 66}",-2.383590234180355,-17.802075722049338,-0.09025642468972542,48.954703832752614,13,9.681626529528664,1.04,0.0,0.010767030118486835
BTCUSDT,2h,A2,"{""fast"": 8, ""slow"": 50}",-11.465594893197162,-62.82728599299151,-0.5868229507633708,45.97902097902098,19,15.770581312918274,1.5199999999999998,0.0,0.01573642863471153
BTCUSDT,2h,A2,"{""fast"": 14, ""slow"": 48}",-0.6676773099293154,-5.298321642229354,-0.00043095741130363507,48.53195164075993,15,11.702251120759033,1.2,0.0,0.012423496290561734
BTCUSDT,2h,A2,"{""fast"": 14, ""slow"": 54}",-5.61412373432193,-37.469719525046386,-0.25626455476289034,48.421052631578945,15,12.314337834872124,1.2,0.0,0.012423496290561734
BTCUSDT,2h,A2,"{""fast"": 16, ""slow"": 70}",-5.508606671200866,-36.899395291156935,-0.2537585788206396,49.2063492063492,13,12.609255444743251,1.04,0.0,0.010767030118486835
BTCUSDT,2h,A2,"{""fast"": 16, ""slow"": 58}",1.0150156668894628,8.552745469742916,0.08444885400811417,49.56521739130435,14,11.008134183506812,1.1199999999999999,0.0,0.011595263204524286
BTCUSDT,2h,A2,"{""fast"": 16, ""slow"": 58}",1.0150156668894628,8.552745469742916,0.08444885400811417,49.56521739130435,14,11.008134183506812,1.1199999999999999,0.0,0.011595263204524286
BTCUSDT,2h,A2,"{""fast"": 16, ""slow"": 58}",1.0150156668894628,8.552745469742916,0.08444885400811417,49.56521739130435,14,11.008134183506812,1.1199999999999999,0.0,0.011595263204524286
BTCUSDT,2h,A2,"{""fast"": 16, ""slow"": 56}",-2.262918878069198,-16.972719573454032,-0.08242982493459435,49.13494809688581,14,13.339868658028198,1.1199999999999999,0.0,0.011595263204524286
BTCUSDT,2h,A2,"{""fast"": 18, ""slow"": 59}",-1.0799135554162564,-8.445226890652858,-0.020388241497186915,49.74182444061962,13,10.703985695410555,1.04,0.0,0.010767030118486835
BTCUSDT,2h,A2,"{""fast"": 15, ""slow"": 50}",-3.470825275736378,-24.953009576351313,-0.1441467517557988,48.18652849740933,15,12.827455767304063,1.2,0.0,0.012423496290561734
BTCUSDT,2h,A2,"{""fast"": 18, ""slow"": 59}",-1.0799135554162564,-8.445226890652858,-0.020388241497186915,49.74182444061962,13,10.703985695410555,1.04,0.0,0.010767030118486835
BTCUSDT,2h,A2,"{""fast"": 13, ""slow"": 48}",-4.436615084988715,-30.84146544527071,-0.19778212462824382,47.81849912739965,16,14.14821626254803,1.2799999999999998,0.0,0.013251729376599184
BTCUSDT,2h,A2,"{""fast"": 14, ""slow"": 45}",-0.5634765438616851,-4.4880193769870065,0.0051701529328418965,48.6254295532646,16,11.5371558611845,1.2799999999999998,0.0,0.013251729376599184
BTCUSDT,2h,A2,"{""fast"": 15, ""slow"": 65}",-1.5326515705172516,-11.795305912994891,-0.04624932028761167,49.11971830985916,14,9.052770603698635,1.1199999999999999,0.0,0.011595263204524286
BTCUSDT,2h,A2,"{""fast"": 14, ""slow"": 57}",-3.401796553816483,-24.51579297230878,-0.1446286850885088,48.409893992932865,16,12.103520490709386,1.2799999999999998,0.0,0.013251729376599184
BTCUSDT,2h,A2,"{""fast"": 16, ""slow"": 53}",-3.6062796145858944,-25.8045050180844,-0.14899420834873306,49.14965986394558,14,12.54774952481046,1.1199999999999999,0.0,0.011595263204524286
BTCUSDT,2h,A2,"{""fast"": 17, ""slow"": 46}",0.7954912972035544,6.650519845290992,0.07334366097136655,49.14675767918089,16,11.942078815075597,1.2799999999999998,0.0,0.013251729376599184
BTCUSDT,2h,A2,"{""fast"": 15, ""slow"": 54}",-3.4813495972777386,-25.019473417063253,-0.14336006925384742,49.30313588850174,14,12.229015398469201,1.1199999999999999,0.0,0.011595263204524284
BTCUSDT,2h,A2,"{""fast"": 15, ""slow"": 66}",-0.2621365256553876,-2.110373369230012,0.019290575594324018,49.38053097345133,13,9.337312999375458,1.04,0.0,0.010767030118486835
BTCUSDT,2h,A2,"{""fast"": 16, ""slow"": 56}",-2.262918878069198,-16.972719573454032,-0.08242982493459435,49.13494809688581,14,13.339868658028198,1.1199999999999999,0.0,0.011595263204524286
BTCUSDT,2h,A2,"{""fast"": 15, ""slow"": 50}",-3.470825275736378,-24.953009576351313,-0.1441467517557988,48.18652849740933,15,12.827455767304063,1.2,0.0,0.012423496290561734
BTCUSDT,2h,A2,"{""fast"": 18, ""slow"": 62}",-1.891643391188358,-14.374791738533032,-0.06212086863748695,49.2063492063492,14,10.379786835032323,1.1199999999999999,0.0,0.011595263204524286
BTCUSDT,2h,A2,"{""fast"": 14, ""slow"": 49}",-2.451691606242057,-18.26691184815976,-0.09203689570385755,48.26388888888889,15,11.990325896535325,1.2,0.0,0.012423496290561734
BTCUSDT,2h,A2,"{""fast"": 17, ""slow"": 51}",0.3932005600230992,3.2403367973530273,0.053630533118929326,50.16835016835017,12,11.220369933727936,0.96,0.0,0.009938797032449386
BTCUSDT,2h,A2,"{""fast"": 14, ""slow"": 59}",-5.186460073923671,-35.12985517469885,-0.2385214363102882,48.31261101243339,16,13.067066328124389,1.2799999999999998,0.0,0.013251729376599184
BTCUSDT,2h,A2,"{""fast"": 19, ""slow"": 40}",-4.296165158469234,-30.011163134201247,-0.18080090243515354,47.97979797979798,18,10.509239089582689,1.44,0.0,0.014908195548674081
BTCUSDT,2h,A2,"{""fast"": 19, ""slow"": 55}",-5.24769018952197,-35.46950060743732,-0.23067072007816056,49.494949494949495,13,12.207891303470475,1.04,0.0,0.010767030118486835
BTCUSDT,2h,A2,"{""fast"": 16, ""slow"": 49}",-1.9875543105658977,-15.052646511701596,-0.0658284897433718,48.986486486486484,17,13.82747550269039,1.3599999999999999,0.0,0.01407996246263663
BTCUSDT,4h,A2,"{""fast"": 12, ""slow"": 64}",3.3715232817908447,71.41478709078221,0.298725483072299,50.18587360594795,6,8.522006492441825,0.48,0.0,0.003488544307358242
BTCUSDT,4h,A2,"{""fast"": 12, ""slow"": 50}",-0.3478519034241345,-5.505878265565933,0.015820282193322956,49.45054945054945,7,10.383862053557657,0.5599999999999999,0.0,0.004069968358584616
BTCUSDT,4h,A2,"{""fast"": 8, ""slow"": 44}",-2.4748088167602766,-33.45385087144312,-0.1487468032147195,49.29577464788733,10,10.343723355950862,0.8,0.0,0.005814240512263737
BTCUSDT,4h,A2,"{""fast"": 10, ""slow"": 52}",1.0461195824228664,18.428065398988824,0.12492188729896021,49.629629629629626,7,9.211287318999617,0.5599999999999999,0.0,0.004069968358584616
BTCUSDT,4h,A2,"{""fast"": 8, ""slow"": 56}",-1.8520816615037794,-26.201262730554518,-0.10108477682892271,48.9051094890511,8,8.926091102802125,0.6399999999999999,0.0,0.00465139240981099
BTCUSDT,4h,A2,"{""fast"": 10, ""slow"": 62}",2.3407028643310124,45.64974461570266,0.22287199854980866,49.45454545454545,7,10.1597113074546,0.5599999999999999,0.0,0.004069968358584615
BTCUSDT,4h,A2,"{""fast"": 16, ""slow"": 60}",4.676363579279408,110.17749893210853,0.3923594633988439,50.0,6,7.366127395661204,0.48,0.0,0.003197832281745055
BTCUSDT,4h,A2,"{""fast"": 14, ""slow"": 42}",-8.637542260240206,-76.96515237335146,-0.6461054839091083,46.52777777777778,13,11.360351011409941,1.04,0.0,0.007558512665942858
BTCUSDT,4h,A2,"{""fast"": 14, ""slow"": 62}",1.3281973238815636,23.917011499876907,0.14520293612527488,49.25373134328358,6,9.317190875258053,0.48,0.0,0.003488544307358242
BTCUSDT,4h,A2,"{""fast"": 12, ""slow"": 50}",-0.3478519034241345,-5.505878265565933,0.015820282193322956,49.45054945054945,7,10.383862053557657,0.5599999999999999,0.0,0.004069968358584616
BTCUSDT,4h,A2,"{""fast"": 8, ""slow"": 42}",-2.168667455767004,-29.976322720219418,-0.11962057135602282,48.45360824742268,12,11.253716510633637,0.96,0.0,0.006977088614716484
BTCUSDT,4h,A2,"{""fast"": 12, ""slow"": 64}",3.3715232817908447,71.41478709078221,0.298725483072299,50.18587360594795,6,8.522006492441825,0.48,0.0,0.003488544307358242
BTCUSDT,4h,A2,"{""fast"": 14, ""slow"": 48}",-0.27609779530824996,-4.393975937800043,0.02214096343914611,49.10394265232975,8,10.962222797527964,0.6399999999999999,0.0,0.00465139240981099
BTCUSDT,4h,A2,"{""fast"": 12, ""slow"": 42}",-8.178148963268262,-75.00879056528589,-0.6007240151820941,47.58620689655172,12,11.201643761325641,0.96,0.0,0.006977088614716484
BTCUSDT,4h,A2,"{""fast"": 16, ""slow"": 46}",-4.011245201780267,-48.5909495106759,-0.25820432636350016,48.23943661971831,10,10.26897121583299,0.8,0.0,0.005814240512263737
BTCUSDT,4h,A2,"{""fast"": 16, ""slow"": 66}",5.944856807444854,155.62668364099972,0.49067085411282574,50.18867924528302,6,8.290907109762923,0.48,0.0,0.003197832281745055
BTCUSDT,4h,A2,"{""fast"": 14, ""slow"": 66}",3.386830055793233,71.82777455761111,0.3009380419507948,49.25925925925926,6,9.246384920393568,0.48,0.0,0.003197832281745055
BTCUSDT,4h,A2,"{""fast"": 8, ""slow"": 50}",-3.374254747715688,-42.75674146838811,-0.22049471963299208,48.91304347826087,8,9.444222611635556,0.6399999999999999,0.0,0.00465139240981099
BTCUSDT,4h,A2,"{""fast"": 14, ""slow"": 48}",-0.27609779530824996,-4.393975937800043,0.02214096343914611,49.10394265232975,8,10.962222797527964,0.6399999999999999,0.0,0.00465139240981099
BTCUSDT,4h,A2,"{""fast"": 14, ""slow"": 54}",1.5676599074711417,28.763173807865194,0.16366174245715165,49.458483754512635,6,9.825520928643627,0.48,0.0,0.003488544307358242
BTCUSDT,4h,A2,"{""fast"": 16, ""slow"": 70}",4.616957822423773,108.24729654766361,0.3902696965608524,49.812734082397,6,9.179936266886536,0.48,0.0,0.003197832281745055
BTCUSDT,4h,A2,"{""fast"": 16, ""slow"": 58}",4.301493853805649,98.2729681652066,0.3639506397754397,49.81684981684982,6,7.214125549183493,0.48,0.0,0.003197832281745055
BTCUSDT,4h,A2,"{""fast"": 16, ""slow"": 70}",4.616957822423773,108.24729654766361,0.3902696965608524,49.812734082397,6,9.179936266886536,0.48,0.0,0.003197832281745055
BTCUSDT,4h,A2,"{""fast"": 16, ""slow"": 58}",4.301493853805649,98.2729681652066,0.3639506397754397,49.81684981684982,6,7.214125549183493,0.48,0.0,0.003197832281745055
BTCUSDT,4h,A2,"{""fast"": 16, ""slow"": 68}",3.898123432833289,86.1717144258278,0.3374906130395914,49.621212121212125,6,9.803970710585086,0.48,0.0,0.003197832281745055
BTCUSDT,4h,A2,"{""fast"": 12, ""slow"": 66}",4.530968827278747,105.4828045856,0.3853385194438705,50.0,6,10.07164606945552,0.48,0.0,0.003488544307358242
BTCUSDT,4h,A2,"{""fast"": 18, ""slow"": 57}",4.492588500607808,104.26005118613406,0.3781068692577456,50.36764705882353,6,7.205948458699352,0.48,0.0,0.003197832281745055
BTCUSDT,4h,A2,"{""fast"": 18, ""slow"": 53}",5.663717232013732,144.8223816346454,0.46695266625759085,50.35971223021583,6,7.205948458699329,0.48,0.0,0.003197832281745055
BTCUSDT,4h,A2,"{""fast"": 16, ""slow"": 61}",3.3833023010205077,71.73251054582317,0.2983402480858005,49.43820224719101,6,7.514581618866956,0.48,0.0,0.003197832281745055
BTCUSDT,4h,A2,"{""fast"": 17, ""slow"": 64}",1.5956273246848118,29.340626150615122,0.16510063821799886,49.24242424242424,6,8.317643010379605,0.48,0.0,0.003197832281745055
BTCUSDT,4h,A2,"{""fast"": 16, ""slow"": 61}",3.3833023010205077,71.73251054582317,0.2983402480858005,49.43820224719101,6,7.514581618866956,0.48,0.0,0.003197832281745055
BTCUSDT,4h,A2,"{""fast"": 16, ""slow"": 60}",4.676363579279408,110.17749893210853,0.3923594633988439,50.0,6,7.366127395661204,0.48,0.0,0.003197832281745055
BTCUSDT,4h,A2,"{""fast"": 17, ""slow"": 53}",3.383342875545692,71.73360594448381,0.29964450872268483,49.64028776978417,6,7.483393132104476,0.48,0.0,0.003197832281745055
BTCUSDT,4h,A2,"{""fast"": 12, ""slow"": 66}",4.530968827278747,105.4828045856,0.3853385194438705,50.0,6,10.07164606945552,0.48,0.0,0.003488544307358242
BTCUSDT,4h,A2,"{""fast"": 16, ""slow"": 54}",2.611535010191579,52.04213611913786,0.24263731831669844,49.45454545454545,6,8.617783510986532,0.48,0.0,0.003197832281745055
BTCUSDT,4h,A2,"{""fast"": 11, ""slow"": 74}",2.7825831553113023,56.214008671749106,0.2479509710618521,50.174216027874564,5,8.261086709326914,0.4,0.0,0.0026164082305186816
BTCUSDT,4h,A2,"{""fast"": 17, ""slow"": 76}",3.6931747459147735,80.29214716703166,0.32393152566032785,50.92250922509225,4,7.459792650930064,0.31999999999999995,0.0,0.0020349841792923077
BTCUSDT,4h,A2,"{""fast"": 17, ""slow"": 49}",-0.9512614829822685,-14.387773791013004,-0.026844705303822124,48.95104895104895,8,11.423812837530434,0.6399999999999999,0.0,0.0043606803841978025
BTCUSDT,4h,A2,"{""fast"": 17, ""slow"": 50}",0.8538125268652053,14.817680036589898,0.10895204984966034,49.29577464788733,8,10.256393102801864,0.6399999999999999,0.0,0.0043606803841978025
BTCUSDT,4h,A2,"{""fast"": 14, ""slow"": 67}",2.378717801059449,46.53152743160183,0.22386005994661834,49.629629629629626,6,10.41089971233471,0.48,0.0,0.003197832281745055
BTCUSDT,4h,A2,"{""fast"": 17, ""slow"": 66}",5.793472074437767,149.75452797441085,0.47926657595768096,50.0,6,7.422168355264169,0.48,0.0,0.003197832281745055
BTCUSDT,4h,A2,"{""fast"": 17, ""slow"": 60}",2.917753266993728,59.58655138717821,0.263243022317631,49.62686567164179,6,8.028482835608386,0.48,0.0,0.003197832281745055
BTCUSDT,4h,A2,"{""fast"": 18, ""slow"": 74}",3.325180874909317,70.17010878721972,0.296428029161748,50.0,7,8.624868806278297,0.5599999999999999,0.0,0.0037792563329714286
BTCUSDT,4h,A2,"{""fast"": 14, ""slow"": 52}",1.0656684924605697,18.800983751144496,0.12584511724919725,49.46236559139785,7,10.048865080353542,0.5599999999999999,0.0,0.004069968358584616
BTCUSDT,4h,A2,"{""fast"": 15, ""slow"": 59}",3.9991273604630173,89.13505978628493,0.346072936383617,49.814126394052046,6,8.89413472526991,0.48,0.0,0.003197832281745055
